2022-06-21 16:48:29,8,37.549999999996544,63.77146320146354,0.03516918529163707
2022-06-21 16:48:30,8,37.549999999996544,63.77146320146354,0.03516918529163707
2022-06-21 16:48:32,8,37.549999999996544,63.77146320146354,0.03516918529163707
2022-06-21 16:48:33,8,52.30000000000018,64.10532014487367,0.3083407488736239
2022-06-21 16:48:34,8,52.30000000000018,64.10532014487367,0.3083407488736239
2022-06-21 16:48:35,8,52.30000000000018,64.10532014487367,0.3083407488736239
2022-06-21 16:48:36,8,52.30000000000018,64.10532014487367,0.3083407488736239
2022-06-21 16:48:37,8,52.30000000000018,64.10532014487367,0.3083407488736239
2022-06-21 16:48:38,8,54.49999999999818,63.87031249306007,1.3707511208274146
2022-06-21 16:48:39,8,54.49999999999818,63.87031249306007,1.3707511208274146
2022-06-21 16:48:40,8,54.49999999999818,63.87031249306007,1.3707511208274146
2022-06-21 16:48:41,8,54.49999999999818,63.87031249306007,1.3707511208274146
2022-06-21 16:48:42,8,62.350000000001266,63.91314883110589,2.414975911920721
2022-06-21 16:48:43,8,62.350000000001266,63.91314883110589,2.414975911920721
2022-06-21 16:48:44,8,62.350000000001266,63.91314883110589,2.414975911920721
2022-06-21 16:48:45,8,62.350000000001266,63.91314883110589,2.414975911920721
2022-06-21 16:48:46,8,62.350000000001266,63.91314883110589,2.414975911920721
2022-06-21 16:48:47,8,50.300000000002,64.06090458699207,3.476422309875488
2022-06-21 16:48:48,8,50.300000000002,64.06090458699207,3.476422309875488
2022-06-21 16:48:49,8,50.300000000002,64.06090458699207,3.476422309875488
2022-06-21 16:48:50,8,50.300000000002,64.06090458699207,3.476422309875488
2022-06-21 16:48:51,8,50.300000000002,64.06090458699207,3.476422309875488
2022-06-21 16:48:52,8,49.549999999994725,64.02246045411454,4.538255500793457
2022-06-21 16:48:53,8,49.549999999994725,64.02246045411454,4.538255500793457
2022-06-21 16:48:54,8,49.549999999994725,64.02246045411454,4.538255500793457
2022-06-21 16:48:55,8,49.549999999994725,64.02246045411454,4.538255500793457
2022-06-21 16:48:57,8,49.549999999994725,64.02246045411454,4.538255500793457
2022-06-21 16:48:58,8,57.20000000000255,64.38064725311983,5.600301413102583
2022-06-21 16:48:59,8,57.20000000000255,64.38064725311983,5.600301413102583
2022-06-21 16:49:00,8,57.20000000000255,64.38064725311983,5.600301413102583
2022-06-21 16:49:01,8,57.20000000000255,64.38064725311983,5.600301413102583
2022-06-21 16:49:02,8,57.000000000007276,64.35004986880138,6.666517240350896
2022-06-21 16:49:03,8,57.000000000007276,64.35004986880138,6.666517240350896
2022-06-21 16:49:04,8,57.000000000007276,64.35004986880138,6.666517240350896
2022-06-21 16:49:05,8,57.000000000007276,64.35004986880138,6.666517240350896
2022-06-21 16:49:06,8,57.000000000007276,64.35004986880138,6.666517240350896
2022-06-21 16:49:07,8,56.19999999999436,64.69224706696929,7.721869607405228
2022-06-21 16:49:08,8,56.19999999999436,64.69224706696929,7.721869607405228
2022-06-21 16:49:09,8,56.19999999999436,64.69224706696929,7.721869607405228
2022-06-21 16:49:10,8,56.19999999999436,64.69224706696929,7.721869607405228
2022-06-21 16:49:11,8,56.19999999999436,64.69224706696929,7.721869607405228
2022-06-21 16:49:12,8,51.900000000000546,64.77333013541316,8.783295700766823
2022-06-21 16:49:13,8,51.900000000000546,64.77333013541316,8.783295700766823
2022-06-21 16:49:14,8,51.900000000000546,64.77333013541316,8.783295700766823
2022-06-21 16:49:15,8,51.900000000000546,64.77333013541316,8.783295700766823
2022-06-21 16:49:17,8,51.900000000000546,64.77333013541316,8.783295700766823
2022-06-21 16:49:18,8,52.64999999999873,65.22557921588773,9.849207427284934
2022-06-21 16:49:19,8,52.64999999999873,65.22557921588773,9.849207427284934
2022-06-21 16:49:20,8,52.64999999999873,65.22557921588773,9.849207427284934
2022-06-21 16:49:21,8,52.64999999999873,65.22557921588773,9.849207427284934
2022-06-21 16:49:22,8,52.64999999999873,64.71450419652996,10.830836429595946
2022-06-21 16:49:23,8,55.19999999999982,64.71450419652996,10.914357272061434
2022-06-21 16:49:24,8,55.19999999999982,64.71450419652996,10.914357272061434
2022-06-21 16:49:25,8,55.19999999999982,64.71450419652996,10.914357272061434
2022-06-21 16:49:26,8,55.19999999999982,64.71450419652996,10.914357272061434
2022-06-21 16:49:27,8,57.800000000002,65.00616635995257,11.710786836797544
2022-06-21 16:49:28,8,57.800000000002,65.00616635995257,11.71078683679754
2022-06-21 16:49:29,8,57.800000000002,65.00616635995257,11.71078683679754
2022-06-21 16:49:30,8,57.800000000002,65.00616635995257,11.71078683679754
2022-06-21 16:49:31,8,57.800000000002,65.00616635995257,11.71078683679754
2022-06-21 16:49:32,8,53.19999999999709,65.09001306310907,11.706958094510163
2022-06-21 16:49:33,8,53.19999999999709,65.09001306310907,11.706958094510163
2022-06-21 16:49:34,8,53.19999999999709,65.09001306310907,11.706958094510163
2022-06-21 16:49:35,8,53.19999999999709,65.09001306310907,11.706958094510163
2022-06-21 16:49:37,8,53.19999999999709,65.09001306310907,11.706958094510163
2022-06-21 16:49:38,8,55.650000000000546,65.38310639450788,11.724946594238281
2022-06-21 16:49:39,8,55.650000000000546,65.38310639450788,11.724946594238281
2022-06-21 16:49:40,8,55.650000000000546,65.38310639450788,11.724946594238281
2022-06-21 16:49:41,8,55.650000000000546,65.38310639450788,11.724946594238281
2022-06-21 16:49:42,8,55.05000000000109,65.47785958465532,11.72269448367032
2022-06-21 16:49:43,8,55.05000000000109,65.47785958465532,11.72269448367032
2022-06-21 16:49:44,8,55.05000000000109,65.47785958465532,11.72269448367032
2022-06-21 16:49:45,8,55.05000000000109,65.47785958465532,11.72269448367032
2022-06-21 16:49:46,8,55.05000000000109,65.47785958465532,11.72269448367032
2022-06-21 16:49:47,8,59.30000000000291,64.864184626591,11.722576748241076
2022-06-21 16:49:48,8,59.30000000000291,64.864184626591,11.722576748241076
2022-06-21 16:49:49,8,59.30000000000291,64.864184626591,11.722576748241076
2022-06-21 16:49:50,8,59.30000000000291,64.864184626591,11.722576748241076
2022-06-21 16:49:51,8,59.30000000000291,64.864184626591,11.722576748241076
2022-06-21 16:49:52,8,54.69999999999345,64.68918732853744,11.723010964827102
2022-06-21 16:49:53,8,54.69999999999345,64.68918732853744,11.723010964827102
2022-06-21 16:49:54,8,54.69999999999345,64.68918732853744,11.723010964827102
2022-06-21 16:49:55,8,54.69999999999345,64.68918732853744,11.723010964827102
2022-06-21 16:49:57,8,54.69999999999345,64.68918732853744,11.723010964827102
2022-06-21 16:49:58,8,55.45000000000073,64.82174309350412,11.721192567998711
2022-06-21 16:49:59,8,55.45000000000073,64.82174309350412,11.721192567998711
2022-06-21 16:50:00,8,55.45000000000073,64.82174309350412,11.721192567998711
2022-06-21 16:50:01,8,55.45000000000073,64.82174309350412,11.721192567998711
2022-06-21 16:50:02,8,52.700000000004366,64.68597953824599,11.728669478676535
2022-06-21 16:50:03,8,52.700000000004366,64.68597953824599,11.728669478676535
2022-06-21 16:50:04,8,52.700000000004366,64.68597953824599,11.728669478676535
2022-06-21 16:50:05,8,52.700000000004366,64.68597953824599,11.728669478676535
2022-06-21 16:50:06,8,52.700000000004366,64.68597953824599,11.728669478676535
2022-06-21 16:50:07,8,57.150000000001455,64.71776133744129,11.729403322393246
2022-06-21 16:50:08,8,57.150000000001455,64.71776133744129,11.729403322393242
2022-06-21 16:50:09,8,57.150000000001455,64.71776133744129,11.729403322393242
2022-06-21 16:50:10,8,57.150000000001455,64.71776133744129,11.729403322393242
2022-06-21 16:50:11,8,57.150000000001455,64.71776133744129,11.729403322393242
2022-06-21 16:50:12,8,58.59999999999218,64.59171985429722,11.71779447035356
2022-06-21 16:50:13,8,58.59999999999218,64.59171985429722,11.71779447035356
2022-06-21 16:50:14,8,58.59999999999218,64.59171985429722,11.71779447035356
2022-06-21 16:50:15,8,58.59999999999218,64.59171985429722,11.71779447035356
2022-06-21 16:50:16,8,58.59999999999218,64.59171985429722,11.71779447035356
2022-06-21 16:50:17,8,60.95000000000255,64.73804444220723,11.703407270258122
2022-06-21 16:50:18,8,60.95000000000255,64.73804444220723,11.703407270258124
2022-06-21 16:50:20,8,60.95000000000255,64.73804444220723,11.703407270258122
2022-06-21 16:50:21,8,60.95000000000255,64.73804444220723,11.703407270258122
2022-06-21 16:50:22,8,60.95000000000255,64.73804444220723,11.703407270258122
2022-06-21 16:50:23,8,56.649999999999636,64.62330425101305,11.69022532376376
2022-06-21 16:50:24,8,56.649999999999636,64.62330425101305,11.69022532376376
2022-06-21 16:50:25,8,56.649999999999636,64.62330425101305,11.69022532376376
2022-06-21 16:50:26,8,56.649999999999636,64.62330425101305,11.69022532376376
2022-06-21 16:50:27,8,55.69999999999709,64.88565214623378,11.692474191839043
2022-06-21 16:50:28,8,55.69999999999709,64.88565214623378,11.692474191839043
2022-06-21 16:50:29,8,55.69999999999709,64.88565214623378,11.692474191839043
2022-06-21 16:50:30,8,55.69999999999709,64.88565214623378,11.692474191839043
2022-06-21 16:50:31,8,55.69999999999709,64.88565214623378,11.692474191839043
2022-06-21 16:50:32,8,54.80000000000473,64.98830143556017,11.651571707292037
2022-06-21 16:50:33,8,54.80000000000473,64.98830143556017,11.651571707292037
2022-06-21 16:50:34,8,54.80000000000473,64.98830143556017,11.651571707292037
2022-06-21 16:50:35,8,54.80000000000473,64.98830143556017,11.651571707292037
2022-06-21 16:50:36,8,54.80000000000473,64.98830143556017,11.651571707292037
2022-06-21 16:50:37,8,59.39999999999599,64.8731170887872,11.649460307034579
2022-06-21 16:50:38,8,59.39999999999599,64.8731170887872,11.649460307034579
2022-06-21 16:50:39,8,59.39999999999599,64.8731170887872,11.649460307034579
2022-06-21 16:50:40,8,59.39999999999599,64.8731170887872,11.649460307034579
2022-06-21 16:50:42,8,59.39999999999599,64.8731170887872,11.649460307034579
2022-06-21 16:50:43,8,56.00000000000364,64.7878392176545,11.59883381236683
2022-06-21 16:50:44,8,56.00000000000364,64.7878392176545,11.59883381236683
2022-06-21 16:50:45,8,56.00000000000364,64.7878392176545,11.59883381236683
2022-06-21 16:50:46,8,56.00000000000364,64.7878392176545,11.59883381236683
2022-06-21 16:50:47,8,56.00000000000364,64.7878392176545,11.586472759246826
2022-06-21 16:50:48,8,60.54999999999836,65.34663628642508,10.973965246027166
2022-06-21 16:50:49,8,60.54999999999836,65.34663628642508,10.973965246027166
2022-06-21 16:50:50,8,60.54999999999836,65.34663628642508,10.973965246027166
2022-06-21 16:50:51,8,60.54999999999836,65.34663628642508,10.973965246027166
2022-06-21 16:50:52,8,69.60000000000491,65.47869854519308,9.910019250349563
2022-06-21 16:50:53,8,69.60000000000491,65.47869854519308,9.910019250349563
2022-06-21 16:50:54,8,69.60000000000491,65.47869854519308,9.910019250349563
2022-06-21 16:50:55,8,69.60000000000491,65.47869854519308,9.910019250349563
2022-06-21 16:50:56,8,69.60000000000491,65.47869854519308,9.910019250349563
2022-06-21 16:50:57,8,70.300000000002,65.48856866916677,8.84749825217507
2022-06-21 16:50:58,8,70.300000000002,65.48856866916677,8.84749825217507
2022-06-21 16:50:59,8,70.300000000002,65.48856866916677,8.84749825217507
2022-06-21 16:51:00,8,70.300000000002,65.48856866916677,8.84749825217507
2022-06-21 16:51:01,8,70.300000000002,65.48856866916677,8.84749825217507
2022-06-21 16:51:02,8,71.74999999999727,65.29486748618307,7.785708600824529
2022-06-21 16:51:03,8,71.74999999999727,65.29486748618307,7.785708600824529
2022-06-21 16:51:05,8,71.74999999999727,65.29486748618307,7.785708600824529
2022-06-21 16:51:06,8,71.74999999999727,65.29486748618307,7.785708600824529
2022-06-21 16:51:07,8,71.74999999999727,65.29486748618307,7.785708600824529
2022-06-21 16:51:08,8,71.74999999999272,65.39968820278366,6.7319475347345525
2022-06-21 16:51:09,8,71.74999999999272,65.39968820278366,6.7319475347345525
2022-06-21 16:51:10,8,71.74999999999272,65.39968820278366,6.7319475347345525
2022-06-21 16:51:11,8,71.74999999999272,65.39968820278366,6.7319475347345525
2022-06-21 16:51:12,8,69.00000000000546,65.3988492422459,5.6816157427701075
2022-06-21 16:51:13,8,69.00000000000546,65.3988492422459,5.6816157427701075
2022-06-21 16:51:14,8,69.00000000000546,65.3988492422459,5.6816157427701075
2022-06-21 16:51:15,8,69.00000000000546,65.3988492422459,5.6816157427701075
2022-06-21 16:51:16,8,69.00000000000546,65.3988492422459,5.6816157427701075
2022-06-21 16:51:17,8,71.54999999999745,65.5719218661246,4.62578532479026
2022-06-21 16:51:18,8,71.54999999999745,65.5719218661246,4.62578532479026
2022-06-21 16:51:19,8,71.54999999999745,65.5719218661246,4.62578532479026
2022-06-21 16:51:20,8,71.54999999999745,65.5719218661246,4.62578532479026
2022-06-21 16:51:21,8,71.54999999999745,65.5719218661246,4.62578532479026
2022-06-21 16:51:22,8,68.65000000000236,65.50732190471679,3.565357086875222
2022-06-21 16:51:23,8,68.65000000000236,65.50732190471679,3.565357086875222
2022-06-21 16:51:24,8,68.65000000000236,65.50732190471679,3.565357086875222
2022-06-21 16:51:25,8,68.65000000000236,65.50732190471679,3.565357086875222
2022-06-21 16:51:26,8,68.65000000000236,65.50732190471679,3.565357086875222
2022-06-21 16:51:28,8,70.14999999999873,65.8105321131886,2.5443961923772638
2022-06-21 16:51:29,8,70.14999999999873,65.8105321131886,2.5443961923772638
2022-06-21 16:51:30,8,70.14999999999873,65.8105321131886,2.5443961923772638
2022-06-21 16:51:31,8,70.14999999999873,65.8105321131886,2.5443961923772638
2022-06-21 16:51:32,8,70.14999999999873,65.8105321131886,2.5443961923772638
2022-06-21 16:51:33,8,67.89999999999964,65.92665412173909,1.487203129855069
2022-06-21 16:51:34,8,67.89999999999964,65.92665412173909,1.487203129855069
2022-06-21 16:51:35,8,67.89999999999964,65.92665412173909,1.487203129855069
2022-06-21 16:51:36,8,67.89999999999964,65.92665412173909,1.487203129855069
2022-06-21 16:51:37,8,70.20000000000437,66.24170847897936,0.47658289129083803
2022-06-21 16:51:38,8,70.20000000000437,66.24170847897936,0.47658289129083803
2022-06-21 16:51:39,8,70.20000000000437,66.24170847897936,0.47658289129083803
2022-06-21 16:51:40,8,70.20000000000437,66.24170847897936,0.47658289129083803
2022-06-21 16:51:41,8,70.20000000000437,66.24170847897936,0.47658289129083803
2022-06-21 16:51:42,8,70.04999999999654,65.7581217548883,0.039415238120339126
2022-06-21 16:51:43,8,70.04999999999654,65.7581217548883,0.039415238120339126
2022-06-21 16:51:44,8,70.04999999999654,65.7581217548883,0.039415238120339126
2022-06-21 16:51:45,8,70.04999999999654,65.7581217548883,0.039415238120339126
2022-06-21 16:51:46,8,70.04999999999654,65.7581217548883,0.039415238120339126
2022-06-21 16:51:47,8,71.79999999999382,66.12691893716531,0.039338389309969815
2022-06-21 16:51:48,8,71.79999999999382,66.12691893716531,0.039338389309969815
2022-06-21 16:51:50,8,71.79999999999382,66.12691893716531,0.039338389309969815
2022-06-21 16:51:51,8,71.79999999999382,66.12691893716531,0.039338389309969815
2022-06-21 16:51:52,8,71.79999999999382,66.12691893716531,0.039338389309969815
2022-06-21 16:51:54,8,71.30000000000564,65.68488543500351,0.0392884687943892
2022-06-21 16:51:55,8,71.30000000000564,65.68488543500351,0.0392884687943892
2022-06-21 16:51:56,8,71.30000000000564,65.68488543500351,0.0392884687943892
2022-06-21 16:51:57,8,56.75000000000182,65.37595055462694,0.039221555536443534
2022-06-21 16:51:58,8,56.75000000000182,65.37595055462694,0.039221555536443534
2022-06-21 16:52:00,8,56.75000000000182,65.37595055462694,0.039221555536443534
2022-06-21 16:52:01,8,56.75000000000182,65.37595055462694,0.039221555536443534
2022-06-21 16:52:02,8,37.69999999999982,65.2830726880345,0.03906499689275568
2022-06-21 16:52:03,8,37.69999999999982,65.2830726880345,0.03906499689275568
2022-06-21 16:52:04,8,37.69999999999982,65.2830726880345,0.03906499689275568
2022-06-21 16:52:05,8,37.69999999999982,65.2830726880345,0.03906499689275568
2022-06-21 16:52:06,8,37.69999999999982,65.2830726880345,0.03906499689275568
2022-06-21 16:52:07,8,39.10000000000309,65.38754795029604,0.03913496190851384
2022-06-21 16:52:08,8,39.10000000000309,65.38754795029604,0.03913496190851384
2022-06-21 16:52:09,8,39.10000000000309,65.38754795029604,0.03913496190851384
2022-06-21 16:52:10,8,39.10000000000309,65.38754795029604,0.03913496190851384
2022-06-21 16:52:11,8,39.10000000000309,65.38754795029604,0.03913496190851384
2022-06-21 16:52:12,8,39.74999999999454,65.24887270846565,0.039340643449263135
2022-06-21 16:52:13,8,39.74999999999454,65.24887270846565,0.039340643449263135
2022-06-21 16:52:14,8,39.74999999999454,65.24887270846565,0.039340643449263135
2022-06-21 16:52:16,8,39.74999999999454,65.24887270846565,0.039340643449263135
2022-06-21 16:52:17,8,39.74999999999454,65.24887270846565,0.039340643449263135
2022-06-21 16:52:18,8,42.25000000000363,65.35843108457364,0.039232132651589126
2022-06-21 16:52:19,8,42.25000000000363,65.35843108457364,0.039232132651589126
2022-06-21 16:52:20,8,42.25000000000363,65.35843108457364,0.039232132651589126
2022-06-21 16:52:21,8,42.25000000000363,65.35843108457364,0.039232132651589126
2022-06-21 16:52:22,8,44.20000000000073,64.97107806922608,0.03915323257446289
2022-06-21 16:52:23,8,44.20000000000073,64.97107806922608,0.039202395352450285
2022-06-21 16:52:24,8,44.20000000000073,64.97107806922608,0.039202395352450285
2022-06-21 16:52:25,8,44.20000000000073,64.97107806922608,0.039202395352450285
2022-06-21 16:52:26,8,44.20000000000073,64.97107806922608,0.039202395352450285
2022-06-21 16:52:27,8,38.94999999999982,64.9823300105561,0.039220324429598726
2022-06-21 16:52:28,8,38.94999999999982,64.9823300105561,0.039220324429598726
2022-06-21 16:52:29,8,38.94999999999982,64.9823300105561,0.039220324429598726
2022-06-21 16:52:30,8,38.94999999999982,64.9823300105561,0.039220324429598726
2022-06-21 16:52:31,8,38.94999999999982,64.9823300105561,0.039220324429598726
2022-06-21 16:52:32,8,38.350000000000364,64.86650410572481,0.0393807671286843
2022-06-21 16:52:33,8,38.350000000000364,64.86650410572481,0.0393807671286843
2022-06-21 16:52:34,8,38.350000000000364,64.86650410572481,0.0393807671286843
2022-06-21 16:52:35,8,38.350000000000364,64.86650410572481,0.0393807671286843
2022-06-21 16:52:36,8,38.350000000000364,64.86650410572481,0.0393807671286843
2022-06-21 16:52:37,8,38.39999999999691,65.01337155045336,0.039207389137961644
2022-06-21 16:52:38,8,38.39999999999691,65.01337155045336,0.039207389137961644
2022-06-21 16:52:40,8,38.39999999999691,65.01337155045336,0.039207389137961644
2022-06-21 16:52:41,8,38.39999999999691,65.01337155045336,0.039207389137961644
2022-06-21 16:52:42,8,38.39999999999691,65.01337155045336,0.039207389137961644
2022-06-21 16:52:43,8,38.30000000000381,64.84232230198927,0.039440103010697794
2022-06-21 16:52:44,8,38.30000000000381,64.84232230198927,0.039440103010697794
2022-06-21 16:52:45,8,38.30000000000381,64.84232230198927,0.039440103010697794
2022-06-21 16:52:46,8,38.30000000000381,64.84232230198927,0.039440103010697794
2022-06-21 16:52:47,8,38.04999999999836,65.22355584047314,0.03943295912309126
2022-06-21 16:52:48,8,38.04999999999836,65.22355584047314,0.03943295912309126
2022-06-21 16:52:49,8,38.04999999999836,65.22355584047314,0.03943295912309126
2022-06-21 16:52:50,8,38.04999999999836,65.22355584047314,0.03943295912309126
2022-06-21 16:52:51,8,38.04999999999836,65.22355584047314,0.03943295912309126
2022-06-21 16:52:52,8,39.89999999999782,64.94768587540844,0.0396760420365767
2022-06-21 16:52:53,8,39.89999999999782,64.94768587540844,0.0396760420365767
2022-06-21 16:52:54,8,39.89999999999782,64.94768587540844,0.0396760420365767
2022-06-21 16:52:55,8,39.89999999999782,64.94768587540844,0.0396760420365767
2022-06-21 16:52:56,8,39.89999999999782,64.94768587540844,0.0396760420365767
2022-06-21 16:52:57,8,39.4499999999971,65.0857689098004,0.03971907875754617
2022-06-21 16:52:58,8,39.4499999999971,65.0857689098004,0.03971907875754616
2022-06-21 16:52:59,8,39.4499999999971,65.0857689098004,0.03971907875754616
2022-06-21 16:53:00,8,39.4499999999971,65.0857689098004,0.03971907875754616
2022-06-21 16:53:01,8,39.4499999999971,65.0857689098004,0.03971907875754616
2022-06-21 16:53:02,8,39.400000000000546,64.86536904146784,0.03995994221080433
2022-06-21 16:53:03,8,39.400000000000546,64.86536904146784,0.03995994221080433
2022-06-21 16:53:05,8,39.400000000000546,64.86536904146784,0.03995994221080433
2022-06-21 16:53:06,8,39.400000000000546,64.86536904146784,0.03995994221080433
2022-06-21 16:53:07,8,39.400000000000546,64.86536904146784,0.03995994221080433
2022-06-21 16:53:08,8,38.05000000000291,65.19049092516127,0.039613047513094815
2022-06-21 16:53:09,8,38.05000000000291,65.19049092516127,0.039613047513094815
2022-06-21 16:53:10,8,38.05000000000291,65.19049092516127,0.039613047513094815
2022-06-21 16:53:11,8,38.05000000000291,65.19049092516127,0.039613047513094815
2022-06-21 16:53:12,8,38.20000000000163,65.25242595309618,0.039705796675248574
2022-06-21 16:53:13,8,38.20000000000163,65.25242595309618,0.039705796675248574
2022-06-21 16:53:14,8,38.20000000000163,65.25242595309618,0.039705796675248574
2022-06-21 16:53:15,8,38.20000000000163,65.25242595309618,0.039705796675248574
2022-06-21 16:53:16,8,38.20000000000163,65.25242595309618,0.039705796675248574
2022-06-21 16:53:17,8,38.55000000000018,65.55010889214275,0.03962194269353693
2022-06-21 16:53:18,8,38.55000000000018,65.55010889214275,0.03962194269353693
2022-06-21 16:53:19,8,38.55000000000018,65.55010889214275,0.03962194269353693
2022-06-21 16:53:20,8,38.55000000000018,65.55010889214275,0.03962194269353693
2022-06-21 16:53:21,8,38.55000000000018,65.55010889214275,0.03962194269353693
2022-06-21 16:53:22,8,38.149999999996,65.58233484691685,0.03977248451926491
2022-06-21 16:53:23,8,38.149999999996,65.58233484691685,0.03977248451926491
2022-06-21 16:53:24,8,38.149999999996,65.58233484691685,0.03977248451926491
2022-06-21 16:53:25,8,38.149999999996,65.58233484691685,0.03977248451926491
2022-06-21 16:53:26,8,38.149999999996,65.58233484691685,0.03977248451926491
2022-06-21 16:53:27,8,41.150000000006905,65.25592984710684,0.03957099914550781
2022-06-21 16:53:28,8,41.150000000006905,65.25592984710684,0.03957099914550781
2022-06-21 16:53:30,8,41.150000000006905,65.25592984710684,0.03957099914550781
2022-06-21 16:53:31,8,41.150000000006905,65.25592984710684,0.03957099914550781
2022-06-21 16:53:32,8,41.150000000006905,65.25592984710684,0.03957099914550781
2022-06-21 16:53:33,8,37.89999999999509,65.175587037961,0.03990882526744496
2022-06-21 16:53:34,8,37.89999999999509,65.175587037961,0.03990882526744496
2022-06-21 16:53:35,8,37.89999999999509,65.175587037961,0.03990882526744496
2022-06-21 16:53:36,8,37.89999999999509,65.175587037961,0.03990882526744496
2022-06-21 16:53:37,8,36.75000000000182,65.34328044427401,0.03942858956076881
2022-06-21 16:53:38,8,36.75000000000182,65.34328044427401,0.03942858956076881
2022-06-21 16:53:39,8,36.75000000000182,65.34328044427401,0.03942858956076881
2022-06-21 16:53:40,8,36.75000000000182,65.34328044427401,0.03942858956076881
2022-06-21 16:53:41,8,36.75000000000182,65.34328044427401,0.03942858956076881
2022-06-21 16:53:42,8,38.00000000000182,65.23500518428261,0.03959163318980823
2022-06-21 16:53:43,8,38.00000000000182,65.23500518428261,0.03959163318980823
2022-06-21 16:53:44,8,38.00000000000182,65.23500518428261,0.03959163318980823
2022-06-21 16:53:45,8,38.00000000000182,65.23500518428261,0.03959163318980823
2022-06-21 16:53:46,8,38.00000000000182,65.23500518428261,0.03959163318980823
2022-06-21 16:53:47,8,37.94999999999619,65.30217137792359,0.03945465087890625
2022-06-21 16:53:48,8,37.94999999999619,65.30217137792359,0.03945465087890625
2022-06-21 16:53:49,8,37.94999999999619,65.30217137792359,0.03945465087890625
2022-06-21 16:53:50,8,37.94999999999619,65.30217137792359,0.03945465087890625
2022-06-21 16:53:51,8,37.94999999999619,65.30217137792359,0.03945465087890625
2022-06-21 16:53:52,8,37.64999999999873,65.22271687993538,0.03956038735129616
2022-06-21 16:53:53,8,37.64999999999873,65.22271687993538,0.03956038735129616
2022-06-21 16:53:55,8,37.64999999999873,65.22271687993538,0.03956038735129616
2022-06-21 16:53:56,8,37.64999999999873,65.22271687993538,0.03956038735129616
2022-06-21 16:53:57,8,37.64999999999873,65.22271687993538,0.03956038735129616
2022-06-21 16:53:58,8,38.350000000000364,64.82105218482597,0.03929679177024147
2022-06-21 16:53:59,8,38.350000000000364,64.82105218482597,0.03929679177024147
2022-06-21 16:54:00,8,38.350000000000364,64.82105218482597,0.03929679177024147
2022-06-21 16:54:01,8,38.350000000000364,64.82105218482597,0.03929679177024147
2022-06-21 16:54:02,8,36.95000000000164,64.6872133037427,0.039539337158203125
2022-06-21 16:54:03,8,36.95000000000164,64.6872133037427,0.039539337158203125
2022-06-21 16:54:04,8,36.95000000000164,64.6872133037427,0.039539337158203125
2022-06-21 16:54:08,8,35.29999999999745,64.82667815549097,0.03920123360373757
2022-06-21 16:54:09,8,35.29999999999745,64.82667815549097,0.03920123360373757
2022-06-21 16:54:10,8,35.29999999999745,64.82667815549097,0.03920123360373757
2022-06-21 16:54:11,8,35.29999999999745,64.82667815549097,0.03920123360373757
2022-06-21 16:54:12,8,35.750000000007276,64.65469124524938,0.03929179798473011
2022-06-21 16:54:13,8,35.750000000007276,64.65469124524938,0.03929179798473011
2022-06-21 16:54:14,8,35.750000000007276,64.65469124524938,0.03929179798473011
2022-06-21 16:54:15,8,35.750000000007276,64.65469124524938,0.03929179798473011
2022-06-21 16:54:16,8,35.750000000007276,64.65469124524938,0.03929179798473011
2022-06-21 16:54:17,8,38.74999999999545,64.73231977030247,0.03918968547474254
2022-06-21 16:54:18,8,38.74999999999545,64.73231977030247,0.03918968547474254
2022-06-21 16:54:19,8,38.74999999999545,64.73231977030247,0.03918968547474254
2022-06-21 16:54:20,8,38.74999999999545,64.73231977030247,0.03918968547474254
2022-06-21 16:54:21,8,38.74999999999545,64.73231977030247,0.03918968547474254
2022-06-21 16:54:22,8,65.29999999999745,64.63036138965424,0.03940570137717506
2022-06-21 16:54:24,8,65.29999999999745,64.63036138965424,0.03940570137717506
2022-06-21 16:54:25,8,65.29999999999745,64.63036138965424,0.03940570137717506
2022-06-21 16:54:26,8,65.29999999999745,64.63036138965424,0.03940570137717506
2022-06-21 16:54:27,8,65.29999999999745,64.63036138965424,0.03940570137717506
2022-06-21 16:54:28,8,52.69999999999982,64.56378740345168,0.0391006816517223
2022-06-21 16:54:29,8,52.69999999999982,64.56378740345168,0.0391006816517223
2022-06-21 16:54:30,8,52.69999999999982,64.56378740345168,0.0391006816517223
2022-06-21 16:54:31,8,52.69999999999982,64.56378740345168,0.0391006816517223
2022-06-21 16:54:32,8,32.60000000000218,64.43819007588645,0.03941770033402876
2022-06-21 16:54:33,8,32.60000000000218,64.43819007588645,0.03941770033402876
2022-06-21 16:54:34,8,32.60000000000218,64.43819007588645,0.03941770033402876
2022-06-21 16:54:35,8,32.60000000000218,64.43819007588645,0.03941770033402876
2022-06-21 16:54:36,8,32.60000000000218,64.43819007588645,0.03941770033402876
2022-06-21 16:54:37,8,29.600000000000364,64.52016145548795,0.0392143422907049
2022-06-21 16:54:38,8,29.600000000000364,64.52016145548795,0.0392143422907049
2022-06-21 16:54:39,8,29.600000000000364,64.52016145548795,0.0392143422907049
2022-06-21 16:54:40,8,29.600000000000364,64.52016145548795,0.0392143422907049
2022-06-21 16:54:41,8,29.600000000000364,64.52016145548795,0.0392143422907049
2022-06-21 16:54:42,8,30.199999999999818,64.45403162486423,0.039352122220126066
2022-06-21 16:54:43,8,30.199999999999818,64.45403162486423,0.039352122220126066
2022-06-21 16:54:44,8,30.199999999999818,64.45403162486423,0.039352122220126066
2022-06-21 16:54:45,8,30.199999999999818,64.45403162486423,0.039352122220126066
2022-06-21 16:54:46,8,30.199999999999818,64.45403162486423,0.039352122220126066
2022-06-21 16:54:48,8,29.49999999999818,64.64896657334465,0.039288087324662636
2022-06-21 16:54:49,8,29.49999999999818,64.64896657334465,0.039288087324662636
2022-06-21 16:54:50,8,29.49999999999818,64.64896657334465,0.039288087324662636
2022-06-21 16:54:51,8,29.49999999999818,64.64896657334465,0.039288087324662636
2022-06-21 16:54:52,8,29.49999999999818,64.64896657334465,0.039288087324662636
2022-06-21 16:54:53,8,27.750000000005457,64.55603935613233,0.039541868730024854
2022-06-21 16:54:55,8,27.750000000005457,64.55603935613233,0.039541868730024854
2022-06-21 16:54:56,8,27.750000000005457,64.55603935613233,0.039541868730024854
2022-06-21 16:54:57,8,28.24999999999818,64.7798444172358,0.03911852403120561
2022-06-21 16:54:58,8,28.24999999999818,64.7798444172358,0.03911852403120561
2022-06-21 16:54:59,8,28.24999999999818,64.7798444172358,0.03911852403120561
2022-06-21 16:55:00,8,28.24999999999818,64.7798444172358,0.03911852403120561
2022-06-21 16:55:01,8,28.24999999999818,64.7798444172358,0.03911852403120561
2022-06-21 16:55:02,8,28.94999999999527,64.75344183560617,0.039562780206853686
2022-06-21 16:55:03,8,28.94999999999527,64.75344183560617,0.039562780206853686
2022-06-21 16:55:04,8,28.94999999999527,64.75344183560617,0.039562780206853686
2022-06-21 16:55:05,8,28.94999999999527,64.75344183560617,0.039562780206853686
2022-06-21 16:55:07,8,29.200000000000728,65.00202090788362,0.03938477256081321
2022-06-21 16:55:08,8,29.200000000000728,65.00202090788362,0.03938477256081321
2022-06-21 16:55:09,8,29.200000000000728,65.00202090788362,0.03938477256081321
2022-06-21 16:55:10,8,29.200000000000728,65.00202090788362,0.03938477256081321
2022-06-21 16:55:11,8,29.200000000000728,65.00202090788362,0.03938477256081321
2022-06-21 16:55:12,8,29.700000000002547,64.64368605701873,0.03937376195734197
2022-06-21 16:55:13,8,29.700000000002547,64.64368605701873,0.03937376195734197
2022-06-21 16:55:15,8,29.700000000002547,64.64368605701873,0.03937376195734197
2022-06-21 16:55:16,8,29.700000000002547,64.64368605701873,0.03937376195734197
2022-06-21 16:55:17,8,29.700000000002547,64.64368605701873,0.03937376195734197
2022-06-21 16:55:18,8,30.75000000000273,64.8025457023753,0.03938492861661044
2022-06-21 16:55:19,8,30.75000000000273,64.8025457023753,0.03938492861661044
2022-06-21 16:55:20,8,30.75000000000273,64.8025457023753,0.03938492861661044
2022-06-21 16:55:21,8,30.75000000000273,64.8025457023753,0.03938492861661044
2022-06-21 16:55:22,8,27.149999999996908,64.62814061176016,0.03935205286199396
2022-06-21 16:55:23,8,27.149999999996908,64.62814061176016,0.03935205286199396
2022-06-21 16:55:24,8,27.149999999996908,64.62814061176016,0.03935205286199396
2022-06-21 16:55:25,8,27.149999999996908,64.62814061176016,0.03935205286199396
2022-06-21 16:55:26,8,27.149999999996908,64.62814061176016,0.03935205286199396
2022-06-21 16:55:27,8,29.800000000000182,64.75048079841407,0.03926745328036221
2022-06-21 16:55:28,8,29.800000000000182,64.75048079841407,0.03926745328036221
2022-06-21 16:55:29,8,29.800000000000182,64.75048079841407,0.03926745328036221
2022-06-21 16:55:30,8,29.800000000000182,64.75048079841407,0.03926745328036221
2022-06-21 16:55:31,8,29.800000000000182,64.75048079841407,0.03926745328036221
2022-06-21 16:55:32,8,27.649999999998727,64.66520292728137,0.03928007646040483
2022-06-21 16:55:33,8,27.649999999998727,64.66520292728137,0.03928007646040483
2022-06-21 16:55:34,8,27.649999999998727,64.66520292728137,0.03928007646040483
2022-06-21 16:55:35,8,27.649999999998727,64.66520292728137,0.03928007646040483
2022-06-21 16:55:36,8,27.649999999998727,64.66520292728137,0.03928007646040483
2022-06-21 16:55:37,8,30,64.84824437637349,0.039292560924183234
2022-06-21 16:55:38,8,30,64.84824437637349,0.039292560924183234
2022-06-21 16:55:39,8,30,64.84824437637349,0.039292560924183234
2022-06-21 16:55:40,8,30,64.84824437637349,0.039292560924183234
2022-06-21 16:55:42,8,30,64.84824437637349,0.039292560924183234
2022-06-21 16:55:43,8,28.30000000000382,64.73049379736734,0.03920499628240412
2022-06-21 16:55:44,8,28.30000000000382,64.73049379736734,0.03920499628240412
2022-06-21 16:55:45,8,28.30000000000382,64.73049379736734,0.03920499628240412
2022-06-21 16:55:46,8,28.30000000000382,64.73049379736734,0.03920499628240412
2022-06-21 16:55:47,8,28.30000000000382,64.73049379736734,0.03902870178222657
2022-06-21 16:55:48,8,38.60000000000127,64.81814049825373,0.03902095447887074
2022-06-21 16:55:49,8,38.60000000000127,64.81814049825373,0.03902095447887074
2022-06-21 16:55:50,8,38.60000000000127,64.81814049825373,0.03902095447887074
2022-06-21 16:55:51,8,38.60000000000127,64.81814049825373,0.03902095447887074
2022-06-21 16:55:52,8,30.74999999999818,65.00211960912335,0.03942557248202237
2022-06-21 16:55:53,8,30.74999999999818,65.00211960912335,0.03942557248202237
2022-06-21 16:55:54,8,30.74999999999818,65.00211960912335,0.03942557248202237
2022-06-21 16:55:55,8,30.74999999999818,65.00211960912335,0.03942557248202237
2022-06-21 16:55:56,8,30.74999999999818,65.00211960912335,0.03942557248202237
2022-06-21 16:55:57,8,30,65.16601301770652,0.03938496329567649
2022-06-21 16:55:58,8,30,65.16601301770652,0.03938496329567649
2022-06-21 16:55:59,8,30,65.16601301770652,0.03938496329567649
2022-06-21 16:56:00,8,30,65.16601301770652,0.03938496329567649
2022-06-21 16:56:01,8,30,65.16601301770652,0.03938496329567649
2022-06-21 16:56:02,8,28.599999999996726,65.2134389634001,0.039451893893155184
2022-06-21 16:56:03,8,28.599999999996726,65.2134389634001,0.039451893893155184
2022-06-21 16:56:04,8,28.599999999996726,65.2134389634001,0.039451893893155184
2022-06-21 16:56:05,8,28.599999999996726,65.2134389634001,0.039451893893155184
2022-06-21 16:56:06,8,28.599999999996726,65.2134389634001,0.039451893893155184
2022-06-21 16:56:08,8,29.30000000000291,65.49666217082519,0.039570825750177556
2022-06-21 16:56:09,8,29.30000000000291,65.49666217082519,0.039570825750177556
2022-06-21 16:56:10,8,29.30000000000291,65.49666217082519,0.039570825750177556
2022-06-21 16:56:11,8,29.30000000000291,65.49666217082519,0.039570825750177556
2022-06-21 16:56:12,8,29.30000000000291,65.49666217082519,0.039570825750177556
2022-06-21 16:56:13,8,42.04999999999927,65.54838162044734,0.04000870097767222
2022-06-21 16:56:14,8,42.04999999999927,65.54838162044734,0.04000870097767222
2022-06-21 16:56:15,8,42.04999999999927,65.54838162044734,0.04000870097767222
2022-06-21 16:56:16,8,42.04999999999927,65.54838162044734,0.04000870097767222
2022-06-21 16:56:17,8,53.55000000000018,65.72569839763473,0.04021667133678089
2022-06-21 16:56:18,8,53.55000000000018,65.72569839763473,0.04021667133678089
2022-06-21 16:56:19,8,53.55000000000018,65.72569839763473,0.04021667133678089
2022-06-21 16:56:20,8,53.55000000000018,65.72569839763473,0.04021667133678089
2022-06-21 16:56:21,8,53.55000000000018,65.72569839763473,0.04021667133678089
2022-06-21 16:56:22,8,47.75000000000092,65.94160735955924,0.04093314084139737
2022-06-21 16:56:23,8,47.75000000000092,65.94160735955924,0.04093314084139737
2022-06-21 16:56:24,8,47.75000000000092,65.94160735955924,0.04093314084139737
2022-06-21 16:56:25,8,47.75000000000092,65.94160735955924,0.04093314084139737
2022-06-21 16:56:26,8,47.75000000000092,65.94160735955924,0.04093314084139737
2022-06-21 16:56:27,8,45.14999999999418,65.84547235205548,0.04154236533425071
2022-06-21 16:56:28,8,45.14999999999418,65.84547235205548,0.04154236533425071
2022-06-21 16:56:29,8,45.14999999999418,65.84547235205548,0.04154236533425071
2022-06-21 16:56:30,8,45.14999999999418,65.84547235205548,0.04154236533425071
2022-06-21 16:56:31,8,45.14999999999418,65.84547235205548,0.04154236533425071
2022-06-21 16:56:33,8,37.400000000002365,65.6058750925941,0.04150019558993253
2022-06-21 16:56:34,8,37.400000000002365,65.6058750925941,0.04150019558993253
2022-06-21 16:56:35,8,37.400000000002365,65.6058750925941,0.04150019558993253
2022-06-21 16:56:36,8,37.400000000002365,65.6058750925941,0.04150019558993253
2022-06-21 16:56:37,8,37.400000000002365,65.6058750925941,0.04150019558993253
2022-06-21 16:56:38,8,35.70000000000164,65.70872178439997,0.04172817577015269
2022-06-21 16:56:39,8,35.70000000000164,65.70872178439997,0.04172817577015269
2022-06-21 16:56:40,8,35.70000000000164,65.70872178439997,0.04172817577015269
2022-06-21 16:56:41,8,35.70000000000164,65.70872178439997,0.04172817577015269
2022-06-21 16:56:42,8,33.849999999997635,65.64979714427703,0.04178286465731534
2022-06-21 16:56:43,8,33.849999999997635,65.64979714427703,0.04178286465731534
2022-06-21 16:56:44,8,33.849999999997635,65.64979714427703,0.04178286465731534
2022-06-21 16:56:45,8,33.849999999997635,65.64979714427703,0.04178286465731534
2022-06-21 16:56:46,8,33.849999999997635,65.64979714427703,0.04178286465731534
2022-06-21 16:56:47,8,40.850000000000364,65.96993461536374,0.041999227350408376
2022-06-21 16:56:48,8,40.850000000000364,65.96993461536374,0.041999227350408376
2022-06-21 16:56:49,8,40.850000000000364,65.96993461536374,0.041999227350408376
2022-06-21 16:56:50,8,40.850000000000364,65.96993461536374,0.041999227350408376
2022-06-21 16:56:51,8,40.850000000000364,65.96993461536374,0.041999227350408376
2022-06-21 16:56:52,8,37.20000000000255,65.6946075071176,0.04209516698663884
2022-06-21 16:56:53,8,37.20000000000255,65.6946075071176,0.04209516698663884
2022-06-21 16:56:54,8,37.20000000000255,65.6946075071176,0.04209516698663884
2022-06-21 16:56:55,8,37.20000000000255,65.6946075071176,0.04209516698663884
2022-06-21 16:56:57,8,37.20000000000255,65.6946075071176,0.04209516698663884
2022-06-21 16:56:58,8,37.5,65.52656864646549,0.04236320148814808
2022-06-21 16:56:59,8,37.5,65.52656864646549,0.04236320148814808
2022-06-21 16:57:05,8,33.49999999999909,65.37274276433548,0.0419525146484375
2022-06-21 16:57:06,8,33.49999999999909,65.37274276433548,0.0419525146484375
