1673602875.92,2023-01-13 09:41:15.920,0,1.345,8.144886932229184,23.125476005382563,null_state
1673602876.482,2023-01-13 09:41:16.482,0,1.382,8.144886932229184,23.125476005382563,null_state
1673602877.008,2023-01-13 09:41:17.008,0,1.487,8.144886932229184,23.125476005382563,null_state
1673602877.533,2023-01-13 09:41:17.533,0,1.372,8.144886932229184,23.125476005382563,null_state
1673602878.058,2023-01-13 09:41:18.058,0,1.403,8.144886932229184,23.125476005382563,null_state
1673602878.58,2023-01-13 09:41:18.580,0,1.413,8.144886932229184,23.125476005382563,null_state
1673602879.109,2023-01-13 09:41:19.109,0,1.398,8.144886932229184,23.125476005382563,null_state
1673602879.639,2023-01-13 09:41:19.639,0,1.377,8.144886932229184,23.125476005382563,null_state
1673602880.161,2023-01-13 09:41:20.161,0,1.387,8.144886932229184,23.125476005382563,null_state
1673602880.689,2023-01-13 09:41:20.689,0,1.665,8.149999999950523,23.120543307117686,null_state
1673602881.214,2023-01-13 09:41:21.214,0,1.398,8.149999999950523,23.120543307117686,null_state
1673602881.739,2023-01-13 09:41:21.739,0,1.382,8.149999999950523,23.120543307117686,null_state
1673602882.262,2023-01-13 09:41:22.262,0,1.984,8.149999999950523,23.120543307117686,null_state
1673602882.787,2023-01-13 09:41:22.787,0,1.361,8.149999999950523,23.120543307117686,null_state
1673602883.32,2023-01-13 09:41:23.320,0,1.361,8.149999999950523,23.120543307117686,null_state
1673602883.844,2023-01-13 09:41:23.844,0,1.351,8.149999999950523,23.120543307117686,null_state
1673602884.371,2023-01-13 09:41:24.371,0,1.356,8.149999999950523,23.120543307117686,null_state
1673602884.902,2023-01-13 09:41:24.902,0,1.555,8.149999999950523,23.120543307117686,null_state
1673602885.425,2023-01-13 09:41:25.425,0,1.607,8.149999999950523,23.120543307117686,null_state
1673602885.949,2023-01-13 09:41:25.949,0,1.424,6.549999999915599,23.10673175197604,null_state
1673602886.47,2023-01-13 09:41:26.470,0,1.518,6.549999999915599,23.10673175197604,null_state
1673602886.995,2023-01-13 09:41:26.995,0,1.518,6.549999999915599,23.10673175197604,null_state
1673602887.53,2023-01-13 09:41:27.530,0,1.44,6.549999999915599,23.10673175197604,null_state
1673602888.054,2023-01-13 09:41:28.054,0,1.518,6.549999999915599,23.10673175197604,null_state
1673602888.577,2023-01-13 09:41:28.577,0,1.445,6.549999999915599,23.10673175197604,null_state
1673602889.107,2023-01-13 09:41:29.107,0,1.387,6.549999999915599,23.10673175197604,null_state
1673602889.634,2023-01-13 09:41:29.634,0,1.361,6.549999999915599,23.10673175197604,null_state
1673602890.161,2023-01-13 09:41:30.161,0,1.356,6.549999999915599,23.10673175197604,null_state
1673602890.69,2023-01-13 09:41:30.690,0,1.544,9.250000000029104,23.101009821988786,null_state
1673602891.215,2023-01-13 09:41:31.215,0,1.45,9.250000000029104,23.101009821988786,null_state
1673602891.738,2023-01-13 09:41:31.738,0,1.361,9.250000000029104,23.101009821988786,null_state
1673602892.263,2023-01-13 09:41:32.263,0,1.544,9.250000000029104,23.101009821988786,null_state
1673602892.789,2023-01-13 09:41:32.789,0,1.377,9.250000000029104,23.101009821988786,null_state
1673602893.311,2023-01-13 09:41:33.311,0,1.335,9.250000000029104,23.101009821988786,null_state
1673602893.837,2023-01-13 09:41:33.837,0,1.382,9.250000000029104,23.101009821988786,null_state
1673602894.359,2023-01-13 09:41:34.359,0,1.351,9.250000000029104,23.101009821988786,null_state
1673602894.892,2023-01-13 09:41:34.892,0,1.387,9.250000000029104,23.101009821988786,null_state
1673602895.416,2023-01-13 09:41:35.416,0,1.361,9.250000000029104,23.101009821988786,null_state
1673602895.937,2023-01-13 09:41:35.937,0,1.372,6.499999999869033,23.10594252025366,null_state
1673602896.459,2023-01-13 09:41:36.459,0,1.393,6.499999999869033,23.10594252025366,null_state
1673602896.982,2023-01-13 09:41:36.982,0,1.492,6.499999999869033,23.10594252025366,null_state
1673602897.508,2023-01-13 09:41:37.508,0,1.398,6.499999999869033,23.10594252025366,null_state
1673602898.04,2023-01-13 09:41:38.040,0,1.382,6.499999999869033,23.10594252025366,null_state
1673602898.571,2023-01-13 09:41:38.571,0,1.613,6.499999999869033,23.10594252025366,null_state
1673602899.093,2023-01-13 09:41:39.093,0,1.497,6.499999999869033,23.10594252025366,null_state
1673602899.616,2023-01-13 09:41:39.616,0,1.377,6.499999999869033,23.10594252025366,null_state
1673602900.144,2023-01-13 09:41:40.144,0,1.361,6.499999999869033,23.10594252025366,null_state
1673602900.682,2023-01-13 09:41:40.682,0,1.911,8.200000000142609,23.11344022161627,null_state
1673602901.204,2023-01-13 09:41:41.204,0,1.387,8.200000000142609,23.11344022161627,null_state
1673602901.728,2023-01-13 09:41:41.728,0,1.345,8.200000000142609,23.11344022161627,null_state
1673602902.252,2023-01-13 09:41:42.252,0,1.497,8.200000000142609,23.11344022161627,null_state
1673602902.782,2023-01-13 09:41:42.782,0,1.403,8.200000000142609,23.11344022161627,null_state
1673602903.317,2023-01-13 09:41:43.317,0,1.345,8.200000000142609,23.11344022161627,null_state
1673602903.838,2023-01-13 09:41:43.838,0,1.335,8.200000000142609,23.11344022161627,null_state
1673602904.363,2023-01-13 09:41:44.363,0,1.382,8.200000000142609,23.11344022161627,null_state
1673602904.888,2023-01-13 09:41:44.888,0,1.696,8.200000000142609,23.11344022161627,null_state
1673602905.41,2023-01-13 09:41:45.410,0,1.382,8.200000000142609,23.11344022161627,null_state
1673602905.934,2023-01-13 09:41:45.934,0,1.476,7.150000000037835,23.111467142310318,null_state
1673602906.463,2023-01-13 09:41:46.463,0,1.413,7.150000000037835,23.111467142310318,null_state
1673602906.991,2023-01-13 09:41:46.991,0,1.539,7.150000000037835,23.111467142310318,null_state
1673602907.516,2023-01-13 09:41:47.516,0,1.413,7.150000000037835,23.111467142310318,null_state
1673602908.04,2023-01-13 09:41:48.040,0,1.398,7.150000000037835,23.111467142310318,null_state
1673602908.567,2023-01-13 09:41:48.567,0,1.398,7.150000000037835,23.111467142310318,null_state
1673602909.092,2023-01-13 09:41:49.092,0,1.356,7.150000000037835,23.111467142310318,null_state
1673602909.614,2023-01-13 09:41:49.614,0,1.382,7.150000000037835,23.111467142310318,null_state
1673602910.139,2023-01-13 09:41:50.139,0,1.382,7.150000000037835,23.111467142310318,null_state
1673602910.66,2023-01-13 09:41:50.660,0,1.476,8.949999999895226,23.111467142310318,null_state
1673602911.184,2023-01-13 09:41:51.184,0,1.351,8.949999999895226,23.111467142310318,null_state
1673602911.709,2023-01-13 09:41:51.709,0,1.361,8.949999999895226,23.111467142310318,null_state
1673602912.233,2023-01-13 09:41:52.233,0,1.392,8.949999999895226,23.111467142310318,null_state
1673602912.754,2023-01-13 09:41:52.754,0,1.34,8.949999999895226,23.111467142310318,null_state
1673602913.279,2023-01-13 09:41:53.279,0,1.366,8.949999999895226,23.111467142310318,null_state
1673602913.802,2023-01-13 09:41:53.802,0,1.345,8.949999999895226,23.111467142310318,null_state
1673602914.333,2023-01-13 09:41:54.333,0,1.398,8.949999999895226,23.111467142310318,null_state
1673602914.869,2023-01-13 09:41:54.869,0,1.518,8.949999999895226,23.111467142310318,null_state
1673602915.395,2023-01-13 09:41:55.395,0,1.382,8.949999999895226,23.111467142310318,null_state
1673602915.92,2023-01-13 09:41:55.920,0,1.366,6.2000000000261934,23.118767535742332,null_state
1673602916.444,2023-01-13 09:41:56.444,0,1.382,6.2000000000261934,23.118767535742332,null_state
1673602916.97,2023-01-13 09:41:56.970,0,1.544,6.2000000000261934,23.118767535742332,null_state
1673602917.496,2023-01-13 09:41:57.496,0,1.377,6.2000000000261934,23.118767535742332,null_state
1673602918.017,2023-01-13 09:41:58.017,0,1.366,6.2000000000261934,23.118767535742332,null_state
1673602918.541,2023-01-13 09:41:58.541,0,1.916,6.2000000000261934,23.118767535742332,null_state
1673602919.062,2023-01-13 09:41:59.062,0,1.461,6.2000000000261934,23.118767535742332,null_state
1673602919.6,2023-01-13 09:41:59.600,0,1.382,6.2000000000261934,23.118767535742332,null_state
1673602920.129,2023-01-13 09:42:00.129,0,1.393,6.2000000000261934,23.118767535742332,null_state
1673602920.651,2023-01-13 09:42:00.651,0,1.372,8.400000000183354,23.117189072297574,null_state
1673602921.177,2023-01-13 09:42:01.177,0,1.393,8.400000000183354,23.117189072297574,null_state
1673602921.702,2023-01-13 09:42:01.702,0,1.351,8.400000000183354,23.117189072297574,null_state
1673602922.225,2023-01-13 09:42:02.225,0,1.518,8.400000000183354,23.117189072297574,null_state
1673602922.747,2023-01-13 09:42:02.747,0,1.445,8.400000000183354,23.117189072297574,null_state
1673602923.269,2023-01-13 09:42:03.269,0,1.345,8.400000000183354,23.117189072297574,null_state
1673602923.79,2023-01-13 09:42:03.790,0,1.361,8.400000000183354,23.117189072297574,null_state
1673602924.314,2023-01-13 09:42:04.314,0,1.408,8.400000000183354,23.117189072297574,null_state
1673602924.839,2023-01-13 09:42:04.839,0,1.371,8.400000000183354,23.117189072297574,null_state
1673602925.364,2023-01-13 09:42:05.364,0,1.356,8.400000000183354,23.117189072297574,null_state
1673602925.887,2023-01-13 09:42:05.887,0,1.377,6.449999999967986,23.118372919881143,null_state
1673602926.409,2023-01-13 09:42:06.409,0,1.78,6.449999999967986,23.118372919881143,null_state
1673602926.932,2023-01-13 09:42:06.932,0,1.424,6.449999999967986,23.118372919881143,null_state
1673602927.457,2023-01-13 09:42:07.457,0,1.361,6.449999999967986,23.118372919881143,null_state
1673602927.984,2023-01-13 09:42:07.984,0,1.403,6.449999999967986,23.118372919881143,null_state
1673602928.505,2023-01-13 09:42:08.505,0,1.895,6.449999999967986,23.118372919881143,null_state
1673602929.027,2023-01-13 09:42:09.027,0,1.581,6.449999999967986,23.118372919881143,null_state
1673602929.549,2023-01-13 09:42:09.549,0,1.351,6.449999999967986,23.118372919881143,null_state
1673602930.076,2023-01-13 09:42:10.076,0,1.403,6.449999999967986,23.118372919881143,null_state
1673602930.613,2023-01-13 09:42:10.613,0,1.937,8.299999999871943,23.11028329472675,null_state
1673602931.133,2023-01-13 09:42:11.133,0,1.366,8.299999999871943,23.11028329472675,null_state
1673602931.66,2023-01-13 09:42:11.660,0,1.387,8.299999999871943,23.11028329472675,null_state
1673602932.183,2023-01-13 09:42:12.183,0,1.382,8.299999999871943,23.11028329472675,null_state
1673602932.704,2023-01-13 09:42:12.704,0,1.34,8.299999999871943,23.11028329472675,null_state
1673602933.232,2023-01-13 09:42:13.232,0,1.372,8.299999999871943,23.11028329472675,null_state
1673602933.758,2023-01-13 09:42:13.758,0,1.377,8.299999999871943,23.11028329472675,null_state
1673602934.28,2023-01-13 09:42:14.280,0,1.445,8.299999999871943,23.11028329472675,null_state
1673602934.804,2023-01-13 09:42:14.804,0,1.398,8.299999999871943,23.11028329472675,null_state
1673602935.327,2023-01-13 09:42:15.327,0,1.419,8.299999999871943,23.11028329472675,null_state
1673602935.855,2023-01-13 09:42:15.855,0,1.413,8.150000000241562,23.118767535742332,null_state
1673602936.38,2023-01-13 09:42:16.380,0,1.434,8.150000000241562,23.118767535742332,null_state
1673602936.908,2023-01-13 09:42:16.908,0,1.518,8.150000000241562,23.118767535742332,null_state
1673602937.432,2023-01-13 09:42:17.432,0,1.382,8.150000000241562,23.118767535742332,null_state
1673602937.959,2023-01-13 09:42:17.959,0,1.387,8.150000000241562,23.118767535742332,null_state
1673602938.481,2023-01-13 09:42:18.481,0,1.382,8.150000000241562,23.118767535742332,null_state
1673602940.577,2023-01-13 09:42:20.577,0,1.932,6.849999999831198,23.12823831641089,null_to_warm_disk_process
1673602941.204,2023-01-13 09:42:21.204,0,1.587,6.849999999831198,23.12823831641089,null_to_warm_disk_process
1673602941.974,2023-01-13 09:42:21.974,1,1.377,6.849999999831198,23.12823831641089,null_to_warm_disk_process
1673602942.604,2023-01-13 09:42:22.604,1,2.626,6.849999999831198,23.12823831641089,null_to_warm_disk_process
1673602943.197,2023-01-13 09:42:23.197,1,1.461,6.849999999831198,23.12823831641089,null_to_warm_disk_process
1673602943.789,2023-01-13 09:42:23.789,1,1.476,6.849999999831198,23.12823831641089,null_to_warm_disk_process
1673602944.383,2023-01-13 09:42:24.383,1,1.592,6.849999999831198,23.12823831641089,null_to_warm_disk_process
1673602945.031,2023-01-13 09:42:25.031,1,1.717,6.849999999831198,23.12823831641089,null_to_warm_disk_process
1673602945.636,2023-01-13 09:42:25.636,1,3.064,20.449999999909778,23.621508142898296,null_to_warm_disk_process
1673602946.258,2023-01-13 09:42:26.258,1,4.098,20.449999999909778,23.621508142898296,null_to_warm_disk_process
1673602947.072,2023-01-13 09:42:27.072,1,4.006,20.449999999909778,23.621508142898296,null_to_warm_disk_process
1673602947.702,2023-01-13 09:42:27.702,1,4.083,20.449999999909778,23.621508142898296,null_to_warm_disk_process
1673602948.298,2023-01-13 09:42:28.298,1,3.672,20.449999999909778,23.621508142898296,null_to_warm_disk_process
1673602948.941,2023-01-13 09:42:28.941,1,3.106,20.449999999909778,23.621508142898296,null_to_warm_disk_process
1673602949.541,2023-01-13 09:42:29.541,1,2.392,20.449999999909778,23.621508142898296,null_to_warm_disk_process
1673602950.139,2023-01-13 09:42:30.139,1,2.605,20.449999999909778,23.621508142898296,null_to_warm_disk_process
1673602950.756,2023-01-13 09:42:30.756,1,2.715,78.35000000013679,27.0639396079886,null_to_warm_disk_process
1673602951.362,2023-01-13 09:42:31.362,1,2.491,78.35000000013679,27.0639396079886,null_to_warm_disk_process
1673602951.971,2023-01-13 09:42:31.971,1,2.512,78.35000000013679,27.0639396079886,null_to_warm_disk_process
1673602952.561,2023-01-13 09:42:32.561,1,2.527,78.35000000013679,27.0639396079886,null_to_warm_disk_process
1673602953.151,2023-01-13 09:42:33.151,1,2.344,78.35000000013679,27.0639396079886,null_to_warm_disk_process
1673602953.739,2023-01-13 09:42:33.739,1,2.319,78.35000000013679,27.0639396079886,null_to_warm_disk_process
1673602954.327,2023-01-13 09:42:34.327,1,2.532,78.35000000013679,27.0639396079886,null_to_warm_disk_process
1673602954.924,2023-01-13 09:42:34.924,1,2.59,78.35000000013679,27.0639396079886,null_to_warm_disk_process
1673602955.51,2023-01-13 09:42:35.510,1,2.877,95.54999999985739,26.413020744955823,null_to_warm_disk_process
1673602956.095,2023-01-13 09:42:36.095,1,2.501,95.54999999985739,26.413020744955823,null_to_warm_disk_process
1673602956.7,2023-01-13 09:42:36.700,1,2.626,95.54999999985739,26.413020744955823,null_to_warm_disk_process
1673602957.297,2023-01-13 09:42:37.297,1,2.6,95.54999999985739,26.413020744955823,null_to_warm_disk_process
1673602958.186,2023-01-13 09:42:38.186,1,2.491,95.54999999985739,26.413020744955823,null_to_warm_disk_process
1673602958.78,2023-01-13 09:42:38.780,1,2.689,95.54999999985739,26.413020744955823,null_to_warm_disk_process
1673602959.388,2023-01-13 09:42:39.388,1,2.549,95.54999999985739,26.413020744955823,null_to_warm_disk_process
1673602959.987,2023-01-13 09:42:39.987,1,2.626,95.54999999985739,26.413020744955823,null_to_warm_disk_process
1673602960.612,2023-01-13 09:42:40.612,1,2.689,85.00000000007276,26.366258765404815,null_to_warm_disk_process
1673602961.207,2023-01-13 09:42:41.207,1,2.709,85.00000000007276,26.366258765404815,null_to_warm_disk_process
1673602961.798,2023-01-13 09:42:41.798,1,2.36,85.00000000007276,26.366258765404815,null_to_warm_disk_process
1673602962.385,2023-01-13 09:42:42.385,1,2.501,85.00000000007276,26.366258765404815,null_to_warm_disk_process
1673602962.975,2023-01-13 09:42:42.975,1,2.553,85.00000000007276,26.366258765404815,null_to_warm_disk_process
1673602963.562,2023-01-13 09:42:43.562,1,2.641,85.00000000007276,26.366258765404815,null_to_warm_disk_process
1673602964.151,2023-01-13 09:42:44.151,1,2.417,85.00000000007276,26.366258765404815,null_to_warm_disk_process
1673602964.751,2023-01-13 09:42:44.751,1,2.658,85.00000000007276,26.366258765404815,null_to_warm_disk_process
1673602965.346,2023-01-13 09:42:45.346,1,2.689,85.00000000007276,26.366258765404815,null_to_warm_disk_process
1673602966.01,2023-01-13 09:42:46.010,1,2.673,86.2000000000262,26.247282083256056,null_to_warm_disk_process
1673602966.684,2023-01-13 09:42:46.684,1,2.809,86.2000000000262,26.247282083256056,null_to_warm_disk_process
1673602967.303,2023-01-13 09:42:47.303,1,2.47,86.2000000000262,26.247282083256056,null_to_warm_disk_process
1673602967.911,2023-01-13 09:42:47.911,1,2.673,86.2000000000262,26.247282083256056,null_to_warm_disk_process
1673602968.506,2023-01-13 09:42:48.506,1,2.434,86.2000000000262,26.247282083256056,null_to_warm_disk_process
1673602969.108,2023-01-13 09:42:49.108,1,2.605,86.2000000000262,26.247282083256056,null_to_warm_disk_process
1673602969.695,2023-01-13 09:42:49.695,1,2.528,86.2000000000262,26.247282083256056,null_to_warm_disk_process
1673602970.282,2023-01-13 09:42:50.282,1,2.83,86.2000000000262,26.247282083256056,null_to_warm_disk_process
1673602970.88,2023-01-13 09:42:50.880,1,2.746,92.7000000001135,26.250833626006763,null_to_warm_disk_process
1673602971.476,2023-01-13 09:42:51.476,1,2.658,92.7000000001135,26.250833626006763,null_to_warm_disk_process
1673602972.071,2023-01-13 09:42:52.071,1,2.804,92.7000000001135,26.250833626006763,null_to_warm_disk_process
1673602972.658,2023-01-13 09:42:52.658,1,2.621,92.7000000001135,26.250833626006763,null_to_warm_disk_process
1673602973.243,2023-01-13 09:42:53.243,1,2.574,92.7000000001135,26.250833626006763,null_to_warm_disk_process
1673602973.839,2023-01-13 09:42:53.839,1,2.683,92.7000000001135,26.250833626006763,null_to_warm_disk_process
1673602974.427,2023-01-13 09:42:54.427,1,2.611,92.7000000001135,26.250833626006763,null_to_warm_disk_process
1673602975.031,2023-01-13 09:42:55.031,1,2.637,92.7000000001135,26.250833626006763,null_to_warm_disk_process
1673602975.649,2023-01-13 09:42:55.649,1,2.819,90.8999999997468,26.293452139015276,null_to_warm_disk_process
1673602976.261,2023-01-13 09:42:56.261,1,2.554,90.8999999997468,26.293452139015276,null_to_warm_disk_process
1673602976.92,2023-01-13 09:42:56.920,1,2.673,90.8999999997468,26.293452139015276,null_to_warm_disk_process
1673602977.523,2023-01-13 09:42:57.523,1,2.59,90.8999999997468,26.293452139015276,null_to_warm_disk_process
1673602978.112,2023-01-13 09:42:58.112,1,2.657,90.8999999997468,26.293452139015276,null_to_warm_disk_process
1673602978.698,2023-01-13 09:42:58.698,1,2.397,90.8999999997468,26.293452139015276,null_to_warm_disk_process
1673602979.287,2023-01-13 09:42:59.287,1,2.528,90.8999999997468,26.293452139015276,null_to_warm_disk_process
1673602979.88,2023-01-13 09:42:59.880,1,2.465,90.8999999997468,26.293452139015276,null_to_warm_disk_process
1673602980.48,2023-01-13 09:43:00.480,1,2.543,88.45000000001164,25.455288049847873,null_to_warm_disk_process
1673602981.064,2023-01-13 09:43:01.064,1,2.59,88.45000000001164,25.455288049847873,null_to_warm_disk_process
1673602981.675,2023-01-13 09:43:01.675,1,2.553,88.45000000001164,25.455288049847873,null_to_warm_disk_process
1673602982.297,2023-01-13 09:43:02.297,1,2.642,88.45000000001164,25.455288049847873,null_to_warm_disk_process
1673602982.921,2023-01-13 09:43:02.921,1,2.533,88.45000000001164,25.455288049847873,null_to_warm_disk_process
1673602983.512,2023-01-13 09:43:03.512,1,2.694,88.45000000001164,25.455288049847873,null_to_warm_disk_process
1673602984.109,2023-01-13 09:43:04.109,1,2.668,88.45000000001164,25.455288049847873,null_to_warm_disk_process
1673602984.724,2023-01-13 09:43:04.724,1,2.803,88.45000000001164,25.455288049847873,null_to_warm_disk_process
1673602985.364,2023-01-13 09:43:05.364,1,2.684,88.45000000001164,25.455288049847873,null_to_warm_disk_process
1673602985.952,2023-01-13 09:43:05.952,1,2.537,82.80000000013388,25.281459762993713,null_to_warm_disk_process
1673602986.55,2023-01-13 09:43:06.550,1,2.943,82.80000000013388,25.281459762993713,null_to_warm_disk_process
1673602987.14,2023-01-13 09:43:07.140,1,2.616,82.80000000013388,25.281459762993713,null_to_warm_disk_process
1673602987.732,2023-01-13 09:43:07.732,1,2.824,82.80000000013388,25.281459762993713,null_to_warm_disk_process
1673602988.327,2023-01-13 09:43:08.327,1,2.767,82.80000000013388,25.281459762993713,null_to_warm_disk_process
1673602988.927,2023-01-13 09:43:08.927,1,2.642,82.80000000013388,25.281459762993713,null_to_warm_disk_process
1673602989.529,2023-01-13 09:43:09.529,1,2.584,82.80000000013388,25.281459762993713,null_to_warm_disk_process
1673602990.115,2023-01-13 09:43:10.115,1,2.626,82.80000000013388,25.281459762993713,null_to_warm_disk_process
1673602990.719,2023-01-13 09:43:10.719,1,2.699,80.84999999984575,24.800028412342005,null_to_warm_disk_process
1673602991.375,2023-01-13 09:43:11.375,1,2.611,80.84999999984575,24.800028412342005,null_to_warm_disk_process
1673602991.969,2023-01-13 09:43:11.969,1,2.788,80.84999999984575,24.800028412342005,null_to_warm_disk_process
1673602992.568,2023-01-13 09:43:12.568,1,2.621,80.84999999984575,24.800028412342005,null_to_warm_disk_process
1673602993.177,2023-01-13 09:43:13.177,1,2.704,80.84999999984575,24.800028412342005,null_to_warm_disk_process
1673602993.761,2023-01-13 09:43:13.761,1,2.809,80.84999999984575,24.800028412342005,null_to_warm_disk_process
1673602994.345,2023-01-13 09:43:14.345,1,2.84,80.84999999984575,24.800028412342005,null_to_warm_disk_process
1673602994.942,2023-01-13 09:43:14.942,1,2.762,80.84999999984575,24.800028412342005,null_to_warm_disk_process
1673602995.531,2023-01-13 09:43:15.531,1,3.173,78.40000000003783,24.75958028657004,null_to_warm_disk_process
1673602996.119,2023-01-13 09:43:16.119,1,2.6,78.40000000003783,24.75958028657004,null_to_warm_disk_process
1673602996.742,2023-01-13 09:43:16.742,1,2.83,78.40000000003783,24.75958028657004,null_to_warm_disk_process
1673602997.381,2023-01-13 09:43:17.381,1,2.673,78.40000000003783,24.75958028657004,null_to_warm_disk_process
1673602997.969,2023-01-13 09:43:17.969,1,2.559,78.40000000003783,24.75958028657004,null_to_warm_disk_process
1673602998.582,2023-01-13 09:43:18.582,1,2.24,78.40000000003783,24.75958028657004,null_to_warm_disk_process
1673602999.192,2023-01-13 09:43:19.192,1,2.313,78.40000000003783,24.75958028657004,null_to_warm_disk_process
1673602999.791,2023-01-13 09:43:19.791,1,2.261,78.40000000003783,24.75958028657004,null_to_warm_disk_process
1673603000.386,2023-01-13 09:43:20.386,1,2.298,78.40000000003783,24.75958028657004,null_to_warm_disk_process
1673603000.97,2023-01-13 09:43:20.970,1,2.324,53.85000000016589,24.540765791540224,null_to_warm_disk_process
1673603001.556,2023-01-13 09:43:21.556,1,2.287,53.85000000016589,24.540765791540224,null_to_warm_disk_process
1673603002.143,2023-01-13 09:43:22.143,1,2.256,53.85000000016589,24.540765791540224,null_to_warm_disk_process
1673603002.735,2023-01-13 09:43:22.735,1,2.25,53.85000000016589,24.540765791540224,null_to_warm_disk_process
1673603003.326,2023-01-13 09:43:23.326,1,2.277,53.85000000016589,24.540765791540224,null_to_warm_disk_process
1673603003.914,2023-01-13 09:43:23.914,1,2.25,53.85000000016589,24.540765791540224,null_to_warm_disk_process
1673603004.501,2023-01-13 09:43:24.501,1,2.24,53.85000000016589,24.540765791540224,null_to_warm_disk_process
1673603005.108,2023-01-13 09:43:25.108,1,2.334,53.85000000016589,24.540765791540224,null_to_warm_disk_process
1673603005.694,2023-01-13 09:43:25.694,1,2.564,36.69999999990978,24.57628121904732,null_to_warm_disk_process
1673603006.286,2023-01-13 09:43:26.286,1,2.219,36.69999999990978,24.57628121904732,null_to_warm_disk_process
1673603006.909,2023-01-13 09:43:26.909,1,2.25,36.69999999990978,24.57628121904732,null_to_warm_disk_process
1673603007.519,2023-01-13 09:43:27.519,1,2.266,36.69999999990978,24.57628121904732,null_to_warm_disk_process
1673603008.11,2023-01-13 09:43:28.110,1,2.282,36.69999999990978,24.57628121904732,null_to_warm_disk_process
1673603008.702,2023-01-13 09:43:28.702,1,2.235,36.69999999990978,24.57628121904732,null_to_warm_disk_process
1673603009.3,2023-01-13 09:43:29.300,1,2.277,36.69999999990978,24.57628121904732,null_to_warm_disk_process
1673603009.911,2023-01-13 09:43:29.911,1,2.319,36.69999999990978,24.57628121904732,null_to_warm_disk_process
1673603010.496,2023-01-13 09:43:30.496,1,2.803,46.85000000004948,24.529913855357503,null_to_warm_disk_process
1673603011.083,2023-01-13 09:43:31.083,1,2.287,46.85000000004948,24.529913855357503,null_to_warm_disk_process
1673603011.672,2023-01-13 09:43:31.672,1,2.266,46.85000000004948,24.529913855357503,null_to_warm_disk_process
1673603012.264,2023-01-13 09:43:32.264,1,3.802,46.85000000004948,24.529913855357503,null_to_warm_disk_process
1673603012.883,2023-01-13 09:43:32.883,1,3.205,46.85000000004948,24.529913855357503,null_to_warm_disk_process
1673603013.486,2023-01-13 09:43:33.486,1,3.168,46.85000000004948,24.529913855357503,null_to_warm_disk_process
1673603014.096,2023-01-13 09:43:34.096,1,3.957,46.85000000004948,24.529913855357503,null_to_warm_disk_process
1673603014.689,2023-01-13 09:43:34.689,1,3.941,46.85000000004948,24.529913855357503,null_to_warm_disk_process
1673603015.29,2023-01-13 09:43:35.290,1,4.207,46.85000000004948,24.529913855357503,null_to_warm_disk_process
1673603015.885,2023-01-13 09:43:35.885,1,4.352,50.85000000013678,25.546049697921557,null_to_warm_disk_process
1673603016.475,2023-01-13 09:43:36.475,1,4.248,50.85000000013678,25.546049697921557,null_to_warm_disk_process
1673603017.063,2023-01-13 09:43:37.063,1,3.09,50.85000000013678,25.546049697921557,null_to_warm_disk_process
1673603017.658,2023-01-13 09:43:37.658,1,2.866,50.85000000013678,25.546049697921557,null_to_warm_disk_process
1673603018.255,2023-01-13 09:43:38.255,1,3.47,50.85000000013678,25.546049697921557,null_to_warm_disk_process
1673603018.846,2023-01-13 09:43:38.846,1,2.861,50.85000000013678,25.546049697921557,null_to_warm_disk_process
1673603019.437,2023-01-13 09:43:39.437,1,2.673,50.85000000013678,25.546049697921557,null_to_warm_disk_process
1673603020.022,2023-01-13 09:43:40.022,1,2.762,50.85000000013678,25.546049697921557,null_to_warm_disk_process
1673603020.608,2023-01-13 09:43:40.608,1,2.663,67.54999999982829,25.197998508352043,null_to_warm_disk_process
1673603021.203,2023-01-13 09:43:41.203,1,3.199,67.54999999982829,25.197998508352043,null_to_warm_disk_process
1673603021.799,2023-01-13 09:43:41.799,1,2.845,67.54999999982829,25.197998508352043,null_to_warm_disk_process
1673603022.419,2023-01-13 09:43:42.419,1,2.96,67.54999999982829,25.197998508352043,null_to_warm_disk_process
1673603023.019,2023-01-13 09:43:43.019,1,2.918,67.54999999982829,25.197998508352043,null_to_warm_disk_process
1673603023.641,2023-01-13 09:43:43.641,1,2.851,67.54999999982829,25.197998508352043,null_to_warm_disk_process
1673603024.248,2023-01-13 09:43:44.248,1,3.111,67.54999999982829,25.197998508352043,null_to_warm_disk_process
1673603024.841,2023-01-13 09:43:44.841,1,3.079,67.54999999982829,25.197998508352043,null_to_warm_disk_process
1673603025.43,2023-01-13 09:43:45.430,1,3.131,66.00000000005821,25.0861249117047,null_to_warm_disk_process
1673603026.017,2023-01-13 09:43:46.017,1,2.428,66.00000000005821,25.0861249117047,null_to_warm_disk_process
1673603026.61,2023-01-13 09:43:46.610,1,2.266,66.00000000005821,25.0861249117047,null_to_warm_disk_process
1673603027.199,2023-01-13 09:43:47.199,1,2.271,66.00000000005821,25.0861249117047,null_to_warm_disk_process
1673603027.786,2023-01-13 09:43:47.786,1,2.684,66.00000000005821,25.0861249117047,null_to_warm_disk_process
1673603028.378,2023-01-13 09:43:48.378,1,3.303,66.00000000005821,25.0861249117047,null_to_warm_disk_process
1673603028.97,2023-01-13 09:43:48.970,1,3.584,66.00000000005821,25.0861249117047,null_to_warm_disk_process
1673603029.59,2023-01-13 09:43:49.590,1,2.663,66.00000000005821,25.0861249117047,null_to_warm_disk_process
1673603030.189,2023-01-13 09:43:50.189,1,2.882,66.00000000005821,25.0861249117047,null_to_warm_disk_process
1673603030.825,2023-01-13 09:43:50.825,1,3.241,58.89999999992142,25.12795419299083,null_to_warm_disk_process
1673603031.447,2023-01-13 09:43:51.447,1,2.177,58.89999999992142,25.12795419299083,null_to_warm_disk_process
1673603032.042,2023-01-13 09:43:52.042,1,2.25,58.89999999992142,25.12795419299083,null_to_warm_disk_process
1673603032.649,2023-01-13 09:43:52.649,1,2.219,58.89999999992142,25.12795419299083,null_to_warm_disk_process
1673603033.245,2023-01-13 09:43:53.245,1,2.318,58.89999999992142,25.12795419299083,null_to_warm_disk_process
1673603033.83,2023-01-13 09:43:53.830,1,3.444,58.89999999992142,25.12795419299083,null_to_warm_disk_process
1673603034.418,2023-01-13 09:43:54.418,1,3.502,58.89999999992142,25.12795419299083,null_to_warm_disk_process
1673603035.001,2023-01-13 09:43:55.001,1,3.542,58.89999999992142,25.12795419299083,null_to_warm_disk_process
1673603035.584,2023-01-13 09:43:55.584,1,3.807,49.7000000000844,25.484292315645334,null_to_warm_disk_process
1673603036.187,2023-01-13 09:43:56.187,1,3.657,49.7000000000844,25.484292315645334,null_to_warm_disk_process
1673603036.779,2023-01-13 09:43:56.779,1,3.402,49.7000000000844,25.484292315645334,null_to_warm_disk_process
1673603037.41,2023-01-13 09:43:57.410,1,3.356,49.7000000000844,25.484292315645334,null_to_warm_disk_process
1673603037.999,2023-01-13 09:43:57.999,1,2.501,49.7000000000844,25.484292315645334,null_to_warm_disk_process
1673603038.645,2023-01-13 09:43:58.645,1,2.418,49.7000000000844,25.484292315645334,null_to_warm_disk_process
1673603039.261,2023-01-13 09:43:59.261,1,2.491,49.7000000000844,25.484292315645334,null_to_warm_disk_process
1673603039.854,2023-01-13 09:43:59.854,1,2.621,49.7000000000844,25.484292315645334,null_to_warm_disk_process
1673603040.464,2023-01-13 09:44:00.464,1,2.256,57.5,25.91304244882819,null_to_warm_disk_process
1673603041.158,2023-01-13 09:44:01.158,1,2.334,57.5,25.91304244882819,null_to_warm_disk_process
1673603041.753,2023-01-13 09:44:01.753,1,3.511,57.5,25.91304244882819,null_to_warm_disk_process
1673603042.345,2023-01-13 09:44:02.345,1,2.313,57.5,25.91304244882819,null_to_warm_disk_process
1673603042.954,2023-01-13 09:44:02.954,1,4.067,57.5,25.91304244882819,null_to_warm_disk_process
1673603043.542,2023-01-13 09:44:03.542,1,2.308,57.5,25.91304244882819,null_to_warm_disk_process
1673603044.139,2023-01-13 09:44:04.139,1,3.288,57.5,25.91304244882819,null_to_warm_disk_process
1673603044.731,2023-01-13 09:44:04.731,1,3.527,57.5,25.91304244882819,null_to_warm_disk_process
1673603045.328,2023-01-13 09:44:05.328,1,2.135,57.5,25.91304244882819,null_to_warm_disk_process
1673603045.921,2023-01-13 09:44:05.921,1,2.277,55.80000000001746,25.76940227535506,null_to_warm_disk_process
1673603046.525,2023-01-13 09:44:06.525,1,2.533,55.80000000001746,25.76940227535506,null_to_warm_disk_process
1673603047.117,2023-01-13 09:44:07.117,1,2.365,55.80000000001746,25.76940227535506,null_to_warm_disk_process
1673603047.714,2023-01-13 09:44:07.714,1,2.319,55.80000000001746,25.76940227535506,null_to_warm_disk_process
1673603048.319,2023-01-13 09:44:08.319,1,2.235,55.80000000001746,25.76940227535506,null_to_warm_disk_process
1673603048.926,2023-01-13 09:44:08.926,1,2.334,55.80000000001746,25.76940227535506,null_to_warm_disk_process
1673603049.514,2023-01-13 09:44:09.514,1,4.29,55.80000000001746,25.76940227535506,null_to_warm_disk_process
1673603050.101,2023-01-13 09:44:10.101,1,3.521,55.80000000001746,25.76940227535506,null_to_warm_disk_process
1673603050.693,2023-01-13 09:44:10.693,1,2.428,49.19999999976426,25.503431184913044,null_to_warm_disk_process
1673603051.296,2023-01-13 09:44:11.296,1,3.881,49.19999999976426,25.503431184913044,null_to_warm_disk_process
1673603051.894,2023-01-13 09:44:11.894,1,3.225,49.19999999976426,25.503431184913044,null_to_warm_disk_process
1673603052.493,2023-01-13 09:44:12.493,1,3.246,49.19999999976426,25.503431184913044,null_to_warm_disk_process
1673603053.078,2023-01-13 09:44:13.078,1,3.111,49.19999999976426,25.503431184913044,null_to_warm_disk_process
1673603053.673,2023-01-13 09:44:13.673,1,2.475,49.19999999976426,25.503431184913044,null_to_warm_disk_process
1673603054.285,2023-01-13 09:44:14.285,1,2.224,49.19999999976426,25.503431184913044,null_to_warm_disk_process
1673603054.892,2023-01-13 09:44:14.892,1,2.631,49.19999999976426,25.503431184913044,null_to_warm_disk_process
1673603055.487,2023-01-13 09:44:15.487,1,2.95,58.250000000261934,25.156366534996504,null_to_warm_disk_process
1673603056.076,2023-01-13 09:44:16.076,1,2.923,58.250000000261934,25.156366534996504,null_to_warm_disk_process
1673603056.699,2023-01-13 09:44:16.699,1,2.266,58.250000000261934,25.156366534996504,null_to_warm_disk_process
1673603057.318,2023-01-13 09:44:17.318,1,2.47,58.250000000261934,25.156366534996504,null_to_warm_disk_process
1673603057.911,2023-01-13 09:44:17.911,1,2.569,58.250000000261934,25.156366534996504,null_to_warm_disk_process
1673603058.513,2023-01-13 09:44:18.513,1,2.48,58.250000000261934,25.156366534996504,null_to_warm_disk_process
1673603059.106,2023-01-13 09:44:19.106,1,2.96,58.250000000261934,25.156366534996504,null_to_warm_disk_process
1673603059.689,2023-01-13 09:44:19.689,1,2.203,58.250000000261934,25.156366534996504,null_to_warm_disk_process
1673603060.29,2023-01-13 09:44:20.290,1,2.773,58.250000000261934,25.156366534996504,null_to_warm_disk_process
1673603060.923,2023-01-13 09:44:20.923,1,3.111,66.49999999979627,25.636219422203453,null_to_warm_disk_process
1673603061.521,2023-01-13 09:44:21.521,1,2.652,66.49999999979627,25.636219422203453,null_to_warm_disk_process
1673603062.123,2023-01-13 09:44:22.123,1,2.271,66.49999999979627,25.636219422203453,null_to_warm_disk_process
1673603062.719,2023-01-13 09:44:22.719,1,2.887,66.49999999979627,25.636219422203453,null_to_warm_disk_process
1673603063.313,2023-01-13 09:44:23.313,1,3.558,66.49999999979627,25.636219422203453,null_to_warm_disk_process
1673603063.92,2023-01-13 09:44:23.920,1,2.866,66.49999999979627,25.636219422203453,null_to_warm_disk_process
1673603064.512,2023-01-13 09:44:24.512,1,3.049,66.49999999979627,25.636219422203453,null_to_warm_disk_process
1673603065.098,2023-01-13 09:44:25.098,1,3.429,66.49999999979627,25.636219422203453,null_to_warm_disk_process
1673603065.684,2023-01-13 09:44:25.684,1,2.637,55.85000000028231,25.156563842927106,null_to_warm_disk_process
1673603066.274,2023-01-13 09:44:26.274,1,2.203,55.85000000028231,25.156563842927106,null_to_warm_disk_process
1673603066.862,2023-01-13 09:44:26.862,1,2.298,55.85000000028231,25.156563842927106,null_to_warm_disk_process
1673603067.518,2023-01-13 09:44:27.518,1,3.002,55.85000000028231,25.156563842927106,null_to_warm_disk_process
1673603068.107,2023-01-13 09:44:28.107,1,3.449,55.85000000028231,25.156563842927106,null_to_warm_disk_process
1673603071.584,2023-01-13 09:44:31.584,1,3.449,61.599999999889405,25.26824013164385,null_to_warm_disk_process
1673603072.2,2023-01-13 09:44:32.200,1,3.434,61.599999999889405,25.26824013164385,null_to_warm_disk_process
1673603072.812,2023-01-13 09:44:32.812,1,2.804,61.599999999889405,25.26824013164385,null_to_warm_disk_process
1673603073.477,2023-01-13 09:44:33.477,1,2.856,61.599999999889405,25.26824013164385,null_to_warm_disk_process
1673603074.081,2023-01-13 09:44:34.081,1,3.173,61.599999999889405,25.26824013164385,null_to_warm_disk_process
1673603074.687,2023-01-13 09:44:34.687,1,2.611,61.599999999889405,25.26824013164385,null_to_warm_disk_process
1673603075.297,2023-01-13 09:44:35.297,1,2.762,61.599999999889405,25.26824013164385,null_to_warm_disk_process
1673603075.891,2023-01-13 09:44:35.891,1,3.257,63.84999999987485,25.511126194206252,null_to_warm_disk_process
1673603076.488,2023-01-13 09:44:36.488,1,2.699,63.84999999987485,25.511126194206252,null_to_warm_disk_process
1673603077.08,2023-01-13 09:44:37.080,1,2.762,63.84999999987485,25.511126194206252,null_to_warm_disk_process
1673603077.701,2023-01-13 09:44:37.701,1,2.741,63.84999999987485,25.511126194206252,null_to_warm_disk_process
1673603078.293,2023-01-13 09:44:38.293,1,2.788,63.84999999987485,25.511126194206252,null_to_warm_disk_process
1673603078.906,2023-01-13 09:44:38.906,1,2.647,63.84999999987485,25.511126194206252,null_to_warm_disk_process
1673603079.497,2023-01-13 09:44:39.497,1,2.48,63.84999999987485,25.511126194206252,null_to_warm_disk_process
1673603080.097,2023-01-13 09:44:40.097,1,2.511,63.84999999987485,25.511126194206252,null_to_warm_disk_process
1673603080.696,2023-01-13 09:44:40.696,1,2.5,66.10000000000582,25.433584177482434,null_to_warm_disk_process
1673603081.293,2023-01-13 09:44:41.293,1,2.621,66.10000000000582,25.433584177482434,null_to_warm_disk_process
1673603081.903,2023-01-13 09:44:41.903,1,2.57,66.10000000000582,25.433584177482434,null_to_warm_disk_process
1673603082.513,2023-01-13 09:44:42.513,1,2.637,66.10000000000582,25.433584177482434,null_to_warm_disk_process
1673603083.125,2023-01-13 09:44:43.125,1,2.673,66.10000000000582,25.433584177482434,null_to_warm_disk_process
1673603083.738,2023-01-13 09:44:43.738,1,2.652,66.10000000000582,25.433584177482434,null_to_warm_disk_process
1673603084.348,2023-01-13 09:44:44.348,1,3.027,66.10000000000582,25.433584177482434,null_to_warm_disk_process
1673603084.954,2023-01-13 09:44:44.954,1,2.631,66.10000000000582,25.433584177482434,null_to_warm_disk_process
1673603085.541,2023-01-13 09:44:45.541,1,3.901,67.2000000000844,25.247720106861976,null_to_warm_disk_process
1673603086.131,2023-01-13 09:44:46.131,1,2.507,67.2000000000844,25.247720106861976,null_to_warm_disk_process
1673603086.729,2023-01-13 09:44:46.729,1,2.814,67.2000000000844,25.247720106861976,null_to_warm_disk_process
1673603087.32,2023-01-13 09:44:47.320,1,2.611,67.2000000000844,25.247720106861976,null_to_warm_disk_process
1673603087.913,2023-01-13 09:44:47.913,1,3.079,67.2000000000844,25.247720106861976,null_to_warm_disk_process
1673603088.497,2023-01-13 09:44:48.497,1,2.219,67.2000000000844,25.247720106861976,null_to_warm_disk_process
1673603089.09,2023-01-13 09:44:49.090,1,2.861,67.2000000000844,25.247720106861976,null_to_warm_disk_process
1673603089.705,2023-01-13 09:44:49.705,1,2.637,67.2000000000844,25.247720106861976,null_to_warm_disk_process
1673603090.296,2023-01-13 09:44:50.296,1,2.621,67.2000000000844,25.247720106861976,null_to_warm_disk_process
1673603090.935,2023-01-13 09:44:50.935,1,2.684,60.65000000002328,25.127756885060236,null_to_warm_disk_process
1673603091.547,2023-01-13 09:44:51.547,1,2.668,60.65000000002328,25.127756885060236,null_to_warm_disk_process
1673603092.138,2023-01-13 09:44:52.138,1,2.934,60.65000000002328,25.127756885060236,null_to_warm_disk_process
1673603092.739,2023-01-13 09:44:52.739,1,2.6,60.65000000002328,25.127756885060236,null_to_warm_disk_process
1673603093.329,2023-01-13 09:44:53.329,1,3.048,60.65000000002328,25.127756885060236,null_to_warm_disk_process
1673603093.922,2023-01-13 09:44:53.922,1,2.893,60.65000000002328,25.127756885060236,null_to_warm_disk_process
1673603094.518,2023-01-13 09:44:54.518,1,2.584,60.65000000002328,25.127756885060236,null_to_warm_disk_process
1673603095.108,2023-01-13 09:44:55.108,1,3.941,60.65000000002328,25.127756885060236,null_to_warm_disk_process
1673603095.692,2023-01-13 09:44:55.692,1,2.803,61.99999999989814,25.119667259905842,null_to_warm_disk_process
1673603096.286,2023-01-13 09:44:56.286,1,2.736,61.99999999989814,25.119667259905842,null_to_warm_disk_process
1673603096.874,2023-01-13 09:44:56.874,1,2.516,61.99999999989814,25.119667259905842,null_to_warm_disk_process
1673603097.484,2023-01-13 09:44:57.484,1,2.476,61.99999999989814,25.119667259905842,null_to_warm_disk_process
1673603098.078,2023-01-13 09:44:58.078,1,2.616,61.99999999989814,25.119667259905842,null_to_warm_disk_process
1673603098.676,2023-01-13 09:44:58.676,1,2.657,61.99999999989814,25.119667259905842,null_to_warm_disk_process
1673603099.265,2023-01-13 09:44:59.265,1,2.918,61.99999999989814,25.119667259905842,null_to_warm_disk_process
1673603099.866,2023-01-13 09:44:59.866,1,2.788,61.99999999989814,25.119667259905842,null_to_warm_disk_process
1673603100.465,2023-01-13 09:45:00.465,1,2.872,64.60000000020955,25.107236860278366,null_to_warm_disk_process
1673603101.061,2023-01-13 09:45:01.061,1,2.804,64.60000000020955,25.107236860278366,null_to_warm_disk_process
1673603101.657,2023-01-13 09:45:01.657,1,2.793,64.60000000020955,25.107236860278366,null_to_warm_disk_process
1673603102.249,2023-01-13 09:45:02.249,1,2.819,64.60000000020955,25.107236860278366,null_to_warm_disk_process
1673603102.839,2023-01-13 09:45:02.839,1,2.803,64.60000000020955,25.107236860278366,null_to_warm_disk_process
1673603103.429,2023-01-13 09:45:03.429,1,2.584,64.60000000020955,25.107236860278366,null_to_warm_disk_process
1673603104.027,2023-01-13 09:45:04.027,1,2.637,64.60000000020955,25.107236860278366,null_to_warm_disk_process
1673603104.627,2023-01-13 09:45:04.627,1,2.507,64.60000000020955,25.107236860278366,null_to_warm_disk_process
1673603105.228,2023-01-13 09:45:05.228,1,2.84,64.60000000020955,25.107236860278366,null_to_warm_disk_process
1673603105.838,2023-01-13 09:45:05.838,1,2.71,65.94999999979336,25.066394118645203,null_to_warm_disk_process
1673603106.438,2023-01-13 09:45:06.438,1,2.569,65.94999999979336,25.066394118645203,null_to_warm_disk_process
1673603107.031,2023-01-13 09:45:07.031,1,2.699,65.94999999979336,25.066394118645203,null_to_warm_disk_process
1673603107.625,2023-01-13 09:45:07.625,1,2.819,65.94999999979336,25.066394118645203,null_to_warm_disk_process
1673603108.222,2023-01-13 09:45:08.222,1,2.788,65.94999999979336,25.066394118645203,null_to_warm_disk_process
1673603108.817,2023-01-13 09:45:08.817,1,2.746,65.94999999979336,25.066394118645203,null_to_warm_disk_process
1673603109.413,2023-01-13 09:45:09.413,1,2.856,65.94999999979336,25.066394118645203,null_to_warm_disk_process
1673603109.999,2023-01-13 09:45:09.999,1,2.715,65.94999999979336,25.066394118645203,null_to_warm_disk_process
1673603110.595,2023-01-13 09:45:10.595,1,2.913,63.249999999970896,25.186160032516348,null_to_warm_disk_process
1673603111.199,2023-01-13 09:45:11.199,1,2.584,63.249999999970896,25.186160032516348,null_to_warm_disk_process
1673603111.782,2023-01-13 09:45:11.782,1,2.668,63.249999999970896,25.186160032516348,null_to_warm_disk_process
1673603112.399,2023-01-13 09:45:12.399,1,3.559,63.249999999970896,25.186160032516348,null_to_warm_disk_process
1673603113.005,2023-01-13 09:45:13.005,1,2.944,63.249999999970896,25.186160032516348,null_to_warm_disk_process
1673603113.592,2023-01-13 09:45:13.592,1,2.71,63.249999999970896,25.186160032516348,null_to_warm_disk_process
1673603114.209,2023-01-13 09:45:14.209,1,2.725,63.249999999970896,25.186160032516348,null_to_warm_disk_process
1673603114.795,2023-01-13 09:45:14.795,1,2.803,63.249999999970896,25.186160032516348,null_to_warm_disk_process
1673603115.394,2023-01-13 09:45:15.394,1,2.715,63.249999999970896,25.186160032516348,null_to_warm_disk_process
1673603115.989,2023-01-13 09:45:15.989,1,3.599,62.80000000013388,25.100725698568727,null_to_warm_disk_process
1673603116.58,2023-01-13 09:45:16.580,1,3.517,62.80000000013388,25.100725698568727,null_to_warm_disk_process
1673603117.179,2023-01-13 09:45:17.179,1,2.528,62.80000000013388,25.100725698568727,null_to_warm_disk_process
1673603117.763,2023-01-13 09:45:17.763,1,2.428,62.80000000013388,25.100725698568727,null_to_warm_disk_process
1673603118.37,2023-01-13 09:45:18.370,1,2.402,62.80000000013388,25.100725698568727,null_to_warm_disk_process
1673603118.955,2023-01-13 09:45:18.955,1,2.339,62.80000000013388,25.100725698568727,null_to_warm_disk_process
1673603119.548,2023-01-13 09:45:19.548,1,2.965,62.80000000013388,25.100725698568727,null_to_warm_disk_process
1673603120.148,2023-01-13 09:45:20.148,1,3.074,62.80000000013388,25.100725698568727,null_to_warm_disk_process
1673603120.806,2023-01-13 09:45:20.806,1,3.693,63.949999999967986,25.095398384442664,null_to_warm_disk_process
1673603121.404,2023-01-13 09:45:21.404,1,2.72,63.949999999967986,25.095398384442664,null_to_warm_disk_process
1673603122.003,2023-01-13 09:45:22.003,1,2.976,63.949999999967986,25.095398384442664,null_to_warm_disk_process
1673603122.603,2023-01-13 09:45:22.603,1,3.178,63.949999999967986,25.095398384442664,null_to_warm_disk_process
1673603123.198,2023-01-13 09:45:23.198,1,3.091,63.949999999967986,25.095398384442664,null_to_warm_disk_process
1673603123.792,2023-01-13 09:45:23.792,1,2.908,63.949999999967986,25.095398384442664,null_to_warm_disk_process
1673603124.378,2023-01-13 09:45:24.378,1,3.49,63.949999999967986,25.095398384442664,null_to_warm_disk_process
1673603124.977,2023-01-13 09:45:24.977,1,2.83,63.949999999967986,25.095398384442664,null_to_warm_disk_process
1673603125.565,2023-01-13 09:45:25.565,1,3.054,62.9500000000553,25.173137709097084,null_to_warm_disk_process
1673603126.148,2023-01-13 09:45:26.148,1,2.658,62.9500000000553,25.173137709097084,null_to_warm_disk_process
1673603126.744,2023-01-13 09:45:26.744,1,2.835,62.9500000000553,25.173137709097084,null_to_warm_disk_process
1673603127.385,2023-01-13 09:45:27.385,1,2.762,62.9500000000553,25.173137709097084,null_to_warm_disk_process
1673603127.98,2023-01-13 09:45:27.980,1,2.803,62.9500000000553,25.173137709097084,null_to_warm_disk_process
1673603128.579,2023-01-13 09:45:28.579,1,2.803,62.9500000000553,25.173137709097084,null_to_warm_disk_process
1673603129.186,2023-01-13 09:45:29.186,1,3.142,62.9500000000553,25.173137709097084,null_to_warm_disk_process
1673603129.799,2023-01-13 09:45:29.799,1,3.382,62.9500000000553,25.173137709097084,null_to_warm_disk_process
1673603130.419,2023-01-13 09:45:30.419,1,3.486,62.9500000000553,25.173137709097084,null_to_warm_disk_process
1673603131.013,2023-01-13 09:45:31.013,1,2.376,67.79999999984284,25.26015050648946,null_to_warm_disk_process
1673603131.609,2023-01-13 09:45:31.609,1,2.475,67.79999999984284,25.26015050648946,null_to_warm_disk_process
1673603132.198,2023-01-13 09:45:32.198,1,2.449,67.79999999984284,25.26015050648946,null_to_warm_disk_process
1673603132.795,2023-01-13 09:45:32.795,1,2.683,67.79999999984284,25.26015050648946,null_to_warm_disk_process
1673603133.386,2023-01-13 09:45:33.386,1,2.934,67.79999999984284,25.26015050648946,null_to_warm_disk_process
1673603133.973,2023-01-13 09:45:33.973,1,2.271,67.79999999984284,25.26015050648946,null_to_warm_disk_process
1673603134.569,2023-01-13 09:45:34.569,1,3.563,67.79999999984284,25.26015050648946,null_to_warm_disk_process
1673603135.154,2023-01-13 09:45:35.154,1,2.308,67.79999999984284,25.26015050648946,null_to_warm_disk_process
1673603135.745,2023-01-13 09:45:35.745,1,2.35,60.94999999993888,25.574659347857825,null_to_warm_disk_process
1673603136.371,2023-01-13 09:45:36.371,1,3.199,60.94999999993888,25.574659347857825,null_to_warm_disk_process
1673603136.957,2023-01-13 09:45:36.957,1,2.559,60.94999999993888,25.574659347857825,null_to_warm_disk_process
1673603137.566,2023-01-13 09:45:37.566,1,2.319,60.94999999993888,25.574659347857825,null_to_warm_disk_process
1673603138.173,2023-01-13 09:45:38.173,1,2.282,60.94999999993888,25.574659347857825,null_to_warm_disk_process
1673603138.767,2023-01-13 09:45:38.767,1,3.127,60.94999999993888,25.574659347857825,null_to_warm_disk_process
1673603139.354,2023-01-13 09:45:39.354,1,4.149,60.94999999993888,25.574659347857825,null_to_warm_disk_process
1673603139.943,2023-01-13 09:45:39.943,1,3.973,60.94999999993888,25.574659347857825,null_to_warm_disk_process
1673603140.55,2023-01-13 09:45:40.550,1,3.106,62.550000000046566,25.10230416201349,null_to_warm_disk_process
1673603141.157,2023-01-13 09:45:41.157,1,2.908,62.550000000046566,25.10230416201349,null_to_warm_disk_process
1673603141.751,2023-01-13 09:45:41.751,1,3.136,62.550000000046566,25.10230416201349,null_to_warm_disk_process
1673603142.342,2023-01-13 09:45:42.342,1,3.002,62.550000000046566,25.10230416201349,null_to_warm_disk_process
1673603142.939,2023-01-13 09:45:42.939,1,2.85,62.550000000046566,25.10230416201349,null_to_warm_disk_process
1673603143.525,2023-01-13 09:45:43.525,1,2.835,62.550000000046566,25.10230416201349,null_to_warm_disk_process
1673603144.128,2023-01-13 09:45:44.128,1,3.631,62.550000000046566,25.10230416201349,null_to_warm_disk_process
1673603144.733,2023-01-13 09:45:44.733,1,3.33,62.550000000046566,25.10230416201349,null_to_warm_disk_process
1673603145.338,2023-01-13 09:45:45.338,1,3.605,62.550000000046566,25.10230416201349,null_to_warm_disk_process
1673603145.932,2023-01-13 09:45:45.932,1,3.34,65.69999999999709,25.23331662792854,null_to_warm_disk_process
1673603146.52,2023-01-13 09:45:46.520,1,2.308,65.69999999999709,25.23331662792854,null_to_warm_disk_process
1673603147.117,2023-01-13 09:45:47.117,1,2.277,65.69999999999709,25.23331662792854,null_to_warm_disk_process
1673603147.709,2023-01-13 09:45:47.709,1,2.605,65.69999999999709,25.23331662792854,null_to_warm_disk_process
1673603148.293,2023-01-13 09:45:48.293,1,2.908,65.69999999999709,25.23331662792854,null_to_warm_disk_process
1673603148.884,2023-01-13 09:45:48.884,1,3.011,65.69999999999709,25.23331662792854,null_to_warm_disk_process
1673603149.492,2023-01-13 09:45:49.492,1,3.537,65.69999999999709,25.23331662792854,null_to_warm_disk_process
1673603150.078,2023-01-13 09:45:50.078,1,2.72,65.69999999999709,25.23331662792854,null_to_warm_disk_process
1673603150.746,2023-01-13 09:45:50.746,1,2.751,63.400000000110595,25.23430316758152,null_to_warm_disk_process
1673603151.377,2023-01-13 09:45:51.377,1,2.919,63.400000000110595,25.23430316758152,null_to_warm_disk_process
1673603151.975,2023-01-13 09:45:51.975,1,2.564,63.400000000110595,25.23430316758152,null_to_warm_disk_process
1673603152.568,2023-01-13 09:45:52.568,1,2.517,63.400000000110595,25.23430316758152,null_to_warm_disk_process
1673603153.193,2023-01-13 09:45:53.193,1,2.558,63.400000000110595,25.23430316758152,null_to_warm_disk_process
1673603153.79,2023-01-13 09:45:53.790,1,2.814,63.400000000110595,25.23430316758152,null_to_warm_disk_process
1673603154.433,2023-01-13 09:45:54.433,1,2.814,63.400000000110595,25.23430316758152,null_to_warm_disk_process
1673603155.026,2023-01-13 09:45:55.026,1,2.621,63.400000000110595,25.23430316758152,null_to_warm_disk_process
1673603155.618,2023-01-13 09:45:55.618,1,3.132,63.64999999997963,25.11118301889026,null_to_warm_disk_process
1673603156.208,2023-01-13 09:45:56.208,1,2.788,63.64999999997963,25.11118301889026,null_to_warm_disk_process
1673603156.809,2023-01-13 09:45:56.809,1,2.736,63.64999999997963,25.11118301889026,null_to_warm_disk_process
1673603157.395,2023-01-13 09:45:57.395,1,2.48,63.64999999997963,25.11118301889026,null_to_warm_disk_process
1673603157.99,2023-01-13 09:45:57.990,1,2.82,63.64999999997963,25.11118301889026,null_to_warm_disk_process
1673603158.587,2023-01-13 09:45:58.587,1,2.762,63.64999999997963,25.11118301889026,null_to_warm_disk_process
1673603159.182,2023-01-13 09:45:59.182,1,2.622,63.64999999997963,25.11118301889026,null_to_warm_disk_process
1673603159.778,2023-01-13 09:45:59.778,1,2.934,63.64999999997963,25.11118301889026,null_to_warm_disk_process
1673603160.373,2023-01-13 09:46:00.373,1,2.465,63.64999999997963,25.11118301889026,null_to_warm_disk_process
1673603161.022,2023-01-13 09:46:01.022,1,2.606,60.00000000007276,25.782029982913134,null_to_warm_disk_process
1673603161.626,2023-01-13 09:46:01.626,1,2.882,60.00000000007276,25.782029982913134,null_to_warm_disk_process
1673603162.221,2023-01-13 09:46:02.221,1,2.423,60.00000000007276,25.782029982913134,null_to_warm_disk_process
1673603162.824,2023-01-13 09:46:02.824,1,2.631,60.00000000007276,25.782029982913134,null_to_warm_disk_process
1673603163.432,2023-01-13 09:46:03.432,1,2.699,60.00000000007276,25.782029982913134,null_to_warm_disk_process
1673603164.02,2023-01-13 09:46:04.020,1,2.647,60.00000000007276,25.782029982913134,null_to_warm_disk_process
1673603164.623,2023-01-13 09:46:04.623,1,2.292,60.00000000007276,25.782029982913134,null_to_warm_disk_process
1673603165.211,2023-01-13 09:46:05.211,1,2.245,60.00000000007276,25.782029982913134,null_to_warm_disk_process
1673603165.796,2023-01-13 09:46:05.796,1,2.292,63.89999999992142,25.149066141564496,null_to_warm_disk_process
1673603166.385,2023-01-13 09:46:06.385,1,2.334,63.89999999992142,25.149066141564496,null_to_warm_disk_process
1673603166.973,2023-01-13 09:46:06.973,1,2.83,63.89999999992142,25.149066141564496,null_to_warm_disk_process
1673603167.578,2023-01-13 09:46:07.578,1,2.647,63.89999999992142,25.149066141564496,null_to_warm_disk_process
1673603168.181,2023-01-13 09:46:08.181,1,2.621,63.89999999992142,25.149066141564496,null_to_warm_disk_process
1673603168.796,2023-01-13 09:46:08.796,1,2.664,63.89999999992142,25.149066141564496,null_to_warm_disk_process
1673603169.388,2023-01-13 09:46:09.388,1,2.939,63.89999999992142,25.149066141564496,null_to_warm_disk_process
1673603169.974,2023-01-13 09:46:09.974,1,2.569,63.89999999992142,25.149066141564496,null_to_warm_disk_process
1673603170.565,2023-01-13 09:46:10.565,1,2.908,61.80000000000291,25.12223226300358,null_to_warm_disk_process
1673603171.154,2023-01-13 09:46:11.154,1,2.778,61.80000000000291,25.12223226300358,null_to_warm_disk_process
1673603171.754,2023-01-13 09:46:11.754,1,3.34,61.80000000000291,25.12223226300358,null_to_warm_disk_process
1673603172.341,2023-01-13 09:46:12.341,1,2.803,61.80000000000291,25.12223226300358,null_to_warm_disk_process
1673603172.942,2023-01-13 09:46:12.942,1,2.893,61.80000000000291,25.12223226300358,null_to_warm_disk_process
1673603173.532,2023-01-13 09:46:13.532,1,2.934,61.80000000000291,25.12223226300358,null_to_warm_disk_process
1673603174.137,2023-01-13 09:46:14.137,1,2.595,61.80000000000291,25.12223226300358,null_to_warm_disk_process
1673603174.75,2023-01-13 09:46:14.750,1,2.516,61.80000000000291,25.12223226300358,null_to_warm_disk_process
1673603175.353,2023-01-13 09:46:15.353,1,2.559,61.80000000000291,25.12223226300358,null_to_warm_disk_process
1673603175.961,2023-01-13 09:46:15.961,1,2.318,66.09999999978754,25.100528390638132,null_to_warm_disk_process
1673603176.551,2023-01-13 09:46:16.551,1,2.308,66.09999999978754,25.100528390638132,null_to_warm_disk_process
1673603177.143,2023-01-13 09:46:17.143,1,2.313,66.09999999978754,25.100528390638132,null_to_warm_disk_process
1673603177.736,2023-01-13 09:46:17.736,1,2.444,66.09999999978754,25.100528390638132,null_to_warm_disk_process
1673603178.329,2023-01-13 09:46:18.329,1,2.376,66.09999999978754,25.100528390638132,null_to_warm_disk_process
1673603178.934,2023-01-13 09:46:18.934,1,2.381,66.09999999978754,25.100528390638132,null_to_warm_disk_process
1673603179.525,2023-01-13 09:46:19.525,1,2.219,66.09999999978754,25.100528390638132,null_to_warm_disk_process
1673603180.114,2023-01-13 09:46:20.114,1,2.397,66.09999999978754,25.100528390638132,null_to_warm_disk_process
1673603180.728,2023-01-13 09:46:20.728,1,2.455,52.950000000273576,25.12085110748942,null_to_warm_disk_process
1673603181.426,2023-01-13 09:46:21.426,1,2.318,52.950000000273576,25.12085110748942,null_to_warm_disk_process
1673603182.037,2023-01-13 09:46:22.037,1,2.187,52.950000000273576,25.12085110748942,null_to_warm_disk_process
1673603182.634,2023-01-13 09:46:22.634,1,2.381,52.950000000273576,25.12085110748942,null_to_warm_disk_process
1673603183.23,2023-01-13 09:46:23.230,1,2.407,52.950000000273576,25.12085110748942,null_to_warm_disk_process
1673603183.825,2023-01-13 09:46:23.825,1,2.319,52.950000000273576,25.12085110748942,null_to_warm_disk_process
1673603184.417,2023-01-13 09:46:24.417,1,2.392,52.950000000273576,25.12085110748942,null_to_warm_disk_process
1673603185.034,2023-01-13 09:46:25.034,1,4.186,52.950000000273576,25.12085110748942,null_to_warm_disk_process
1673603185.624,2023-01-13 09:46:25.624,1,3.657,51.25000000007276,25.137030357798203,null_to_warm_disk_process
1673603186.214,2023-01-13 09:46:26.214,1,3.896,51.25000000007276,25.137030357798203,null_to_warm_disk_process
1673603186.8,2023-01-13 09:46:26.800,1,3.636,51.25000000007276,25.137030357798203,null_to_warm_disk_process
1673603187.386,2023-01-13 09:46:27.386,1,3.173,51.25000000007276,25.137030357798203,null_to_warm_disk_process
1673603187.975,2023-01-13 09:46:27.975,1,3.1,51.25000000007276,25.137030357798203,null_to_warm_disk_process
1673603188.56,2023-01-13 09:46:28.560,1,3.5,51.25000000007276,25.137030357798203,null_to_warm_disk_process
1673603189.171,2023-01-13 09:46:29.171,1,2.647,51.25000000007276,25.137030357798203,null_to_warm_disk_process
1673603189.767,2023-01-13 09:46:29.767,1,3.231,51.25000000007276,25.137030357798203,null_to_warm_disk_process
1673603190.352,2023-01-13 09:46:30.352,1,2.475,51.25000000007276,25.137030357798203,null_to_warm_disk_process
1673603190.986,2023-01-13 09:46:30.986,1,2.543,59.74999999983993,25.21694006968916,null_to_warm_disk_process
1673603191.594,2023-01-13 09:46:31.594,1,2.402,59.74999999983993,25.21694006968916,null_to_warm_disk_process
1673603192.212,2023-01-13 09:46:32.212,1,2.376,59.74999999983993,25.21694006968916,null_to_warm_disk_process
1673603192.819,2023-01-13 09:46:32.819,1,3.511,59.74999999983993,25.21694006968916,null_to_warm_disk_process
1673603193.419,2023-01-13 09:46:33.419,1,3.293,59.74999999983993,25.21694006968916,null_to_warm_disk_process
1673603194.01,2023-01-13 09:46:34.010,1,3.038,59.74999999983993,25.21694006968916,null_to_warm_disk_process
1673603194.622,2023-01-13 09:46:34.622,1,3.371,59.74999999983993,25.21694006968916,null_to_warm_disk_process
1673603195.235,2023-01-13 09:46:35.235,1,2.908,59.74999999983993,25.21694006968916,null_to_warm_disk_process
1673603195.828,2023-01-13 09:46:35.828,1,2.773,68.15000000002328,25.629116336702033,null_to_warm_disk_process
1673603196.414,2023-01-13 09:46:36.414,1,2.402,68.15000000002328,25.629116336702033,null_to_warm_disk_process
1673603197,2023-01-13 09:46:37.000,1,2.365,68.15000000002328,25.629116336702033,null_to_warm_disk_process
1673603197.585,2023-01-13 09:46:37.585,1,2.266,68.15000000002328,25.629116336702033,null_to_warm_disk_process
1673603285.038,2023-01-13 09:48:05.038,0,1.429,15.999599759960745,24.55122311186176,warm_disk_state
1673603285.564,2023-01-13 09:48:05.564,0,1.911,7.2499999999126885,24.56444274321162,warm_disk_state
1673603286.086,2023-01-13 09:48:06.086,0,1.403,7.2499999999126885,24.56444274321162,warm_disk_state
1673603286.609,2023-01-13 09:48:06.609,0,2.0,7.2499999999126885,24.56444274321162,warm_disk_state
1673603287.13,2023-01-13 09:48:07.130,0,1.434,7.2499999999126885,24.56444274321162,warm_disk_state
1673603287.659,2023-01-13 09:48:07.659,0,1.413,7.2499999999126885,24.56444274321162,warm_disk_state
1673603288.181,2023-01-13 09:48:08.181,0,1.482,7.2499999999126885,24.56444274321162,warm_disk_state
1673603288.701,2023-01-13 09:48:08.701,0,1.398,7.2499999999126885,24.56444274321162,warm_disk_state
1673603289.225,2023-01-13 09:48:09.225,0,1.408,7.2499999999126885,24.56444274321162,warm_disk_state
1673603289.749,2023-01-13 09:48:09.749,0,1.455,7.2499999999126885,24.56444274321162,warm_disk_state
1673603290.275,2023-01-13 09:48:10.275,0,2.037,7.2499999999126885,24.56444274321162,warm_disk_state
1673603290.797,2023-01-13 09:48:10.797,0,1.492,8.05000000007567,24.55201234358414,warm_disk_state
1673603291.32,2023-01-13 09:48:11.320,0,1.424,8.05000000007567,24.55201234358414,warm_disk_state
1673603291.847,2023-01-13 09:48:11.847,0,1.618,8.05000000007567,24.55201234358414,warm_disk_state
1673603292.369,2023-01-13 09:48:12.369,0,1.691,8.05000000007567,24.55201234358414,warm_disk_state
1673603292.898,2023-01-13 09:48:12.898,0,1.607,8.05000000007567,24.55201234358414,warm_disk_state
1673603293.429,2023-01-13 09:48:13.429,0,1.408,8.05000000007567,24.55201234358414,warm_disk_state
1673603293.952,2023-01-13 09:48:13.952,0,1.461,8.05000000007567,24.55201234358414,warm_disk_state
1673603294.478,2023-01-13 09:48:14.478,0,1.44,8.05000000007567,24.55201234358414,warm_disk_state
1673603294.998,2023-01-13 09:48:14.998,0,1.565,8.05000000007567,24.55201234358414,warm_disk_state
1673603295.522,2023-01-13 09:48:15.522,0,2.172,10.69999999999709,24.544711950152124,warm_disk_state
1673603296.046,2023-01-13 09:48:16.046,0,1.492,10.69999999999709,24.544711950152124,warm_disk_state
1673603296.581,2023-01-13 09:48:16.581,0,1.408,10.69999999999709,24.544711950152124,warm_disk_state
1673603297.105,2023-01-13 09:48:17.105,0,1.921,10.69999999999709,24.544711950152124,warm_disk_state
1673603297.627,2023-01-13 09:48:17.627,0,1.675,10.69999999999709,24.544711950152124,warm_disk_state
1673603298.149,2023-01-13 09:48:18.149,0,1.424,10.69999999999709,24.544711950152124,warm_disk_state
1673603298.673,2023-01-13 09:48:18.673,0,1.403,10.69999999999709,24.544711950152124,warm_disk_state
1673603299.201,2023-01-13 09:48:19.201,0,1.398,10.69999999999709,24.544711950152124,warm_disk_state
1673603299.725,2023-01-13 09:48:19.725,0,1.398,10.69999999999709,24.544711950152124,warm_disk_state
1673603300.247,2023-01-13 09:48:20.247,0,1.392,10.69999999999709,24.544711950152124,warm_disk_state
1673603300.774,2023-01-13 09:48:20.774,0,1.419,7.5,24.470721476179015,warm_disk_state
1673603301.303,2023-01-13 09:48:21.303,0,1.424,7.5,24.470721476179015,warm_disk_state
1673603301.837,2023-01-13 09:48:21.837,0,1.455,7.5,24.470721476179015,warm_disk_state
1673603302.361,2023-01-13 09:48:22.361,0,1.455,7.5,24.470721476179015,warm_disk_state
1673603302.884,2023-01-13 09:48:22.884,0,1.45,7.5,24.470721476179015,warm_disk_state
1673603303.406,2023-01-13 09:48:23.406,0,1.408,7.5,24.470721476179015,warm_disk_state
1673603303.929,2023-01-13 09:48:23.929,0,1.487,7.5,24.470721476179015,warm_disk_state
1673603304.454,2023-01-13 09:48:24.454,0,1.44,7.5,24.470721476179015,warm_disk_state
1673603304.978,2023-01-13 09:48:24.978,0,1.565,7.5,24.470721476179015,warm_disk_state
1673603305.501,2023-01-13 09:48:25.501,0,1.44,8.700000000098953,24.54254156291558,warm_disk_state
1673603306.023,2023-01-13 09:48:26.023,0,1.492,8.700000000098953,24.54254156291558,warm_disk_state
1673603306.545,2023-01-13 09:48:26.545,0,1.801,8.700000000098953,24.54254156291558,warm_disk_state
1673603307.071,2023-01-13 09:48:27.071,0,1.492,8.700000000098953,24.54254156291558,warm_disk_state
1673603307.602,2023-01-13 09:48:27.602,0,1.471,8.700000000098953,24.54254156291558,warm_disk_state
1673603308.125,2023-01-13 09:48:28.125,0,1.466,8.700000000098953,24.54254156291558,warm_disk_state
1673603308.647,2023-01-13 09:48:28.647,0,1.445,8.700000000098953,24.54254156291558,warm_disk_state
1673603309.174,2023-01-13 09:48:29.174,0,1.419,8.700000000098953,24.54254156291558,warm_disk_state
1673603309.701,2023-01-13 09:48:29.701,0,2.156,8.700000000098953,24.54254156291558,warm_disk_state
1673603310.222,2023-01-13 09:48:30.222,0,1.398,8.700000000098953,24.54254156291558,warm_disk_state
1673603310.753,2023-01-13 09:48:30.753,0,1.608,7.749999999941792,24.556155810126633,warm_disk_state
1673603311.305,2023-01-13 09:48:31.305,0,1.476,7.749999999941792,24.556155810126633,warm_disk_state
1673603311.829,2023-01-13 09:48:31.829,0,1.408,7.749999999941792,24.556155810126633,warm_disk_state
1673603312.354,2023-01-13 09:48:32.354,0,1.649,7.749999999941792,24.556155810126633,warm_disk_state
1673603312.885,2023-01-13 09:48:32.885,0,1.408,7.749999999941792,24.556155810126633,warm_disk_state
1673603313.407,2023-01-13 09:48:33.407,0,1.502,7.749999999941792,24.556155810126633,warm_disk_state
1673603313.929,2023-01-13 09:48:33.929,0,1.487,7.749999999941792,24.556155810126633,warm_disk_state
1673603314.452,2023-01-13 09:48:34.452,0,1.424,7.749999999941792,24.556155810126633,warm_disk_state
1673603314.973,2023-01-13 09:48:34.973,0,1.502,7.749999999941792,24.556155810126633,warm_disk_state
1673603315.497,2023-01-13 09:48:35.497,0,1.995,8.799999999901047,24.556353118057228,warm_disk_state
1673603316.024,2023-01-13 09:48:36.024,0,1.398,8.799999999901047,24.556353118057228,warm_disk_state
1673603316.548,2023-01-13 09:48:36.548,0,1.398,8.799999999901047,24.556353118057228,warm_disk_state
1673603317.072,2023-01-13 09:48:37.072,0,1.539,8.799999999901047,24.556353118057228,warm_disk_state
1673603317.595,2023-01-13 09:48:37.595,0,1.497,8.799999999901047,24.556353118057228,warm_disk_state
1673603318.121,2023-01-13 09:48:38.121,0,1.492,8.799999999901047,24.556353118057228,warm_disk_state
1673603318.645,2023-01-13 09:48:38.645,0,1.424,8.799999999901047,24.556353118057228,warm_disk_state
1673603319.167,2023-01-13 09:48:39.167,0,1.565,8.799999999901047,24.556353118057228,warm_disk_state
1673603319.693,2023-01-13 09:48:39.693,0,1.476,8.799999999901047,24.556353118057228,warm_disk_state
1673603320.217,2023-01-13 09:48:40.217,0,1.445,8.799999999901047,24.556353118057228,warm_disk_state
1673603320.746,2023-01-13 09:48:40.746,0,1.592,7.450000000098953,24.55378811495949,warm_disk_state
1673603321.273,2023-01-13 09:48:41.273,0,1.419,7.450000000098953,24.55378811495949,warm_disk_state
1673603321.798,2023-01-13 09:48:41.798,0,1.398,7.450000000098953,24.55378811495949,warm_disk_state
1673603322.32,2023-01-13 09:48:42.320,0,1.445,7.450000000098953,24.55378811495949,warm_disk_state
1673603322.849,2023-01-13 09:48:42.849,0,1.466,7.450000000098953,24.55378811495949,warm_disk_state
1673603323.371,2023-01-13 09:48:43.371,0,1.413,7.450000000098953,24.55378811495949,warm_disk_state
1673603323.907,2023-01-13 09:48:43.907,0,1.398,7.450000000098953,24.55378811495949,warm_disk_state
1673603324.437,2023-01-13 09:48:44.437,0,1.534,7.450000000098953,24.55378811495949,warm_disk_state
1673603324.958,2023-01-13 09:48:44.958,0,1.544,7.450000000098953,24.55378811495949,warm_disk_state
1673603325.481,2023-01-13 09:48:45.481,0,2.203,7.149999999965075,24.552801575306518,warm_disk_state
1673603326.005,2023-01-13 09:48:46.005,0,1.408,7.149999999965075,24.552801575306518,warm_disk_state
1673603326.53,2023-01-13 09:48:46.530,0,1.44,7.149999999965075,24.552801575306518,warm_disk_state
1673603327.057,2023-01-13 09:48:47.057,0,1.487,7.149999999965075,24.552801575306518,warm_disk_state
1673603327.581,2023-01-13 09:48:47.581,0,1.497,7.149999999965075,24.552801575306518,warm_disk_state
1673603328.103,2023-01-13 09:48:48.103,0,1.424,7.149999999965075,24.552801575306518,warm_disk_state
1673603328.626,2023-01-13 09:48:48.626,0,1.445,7.149999999965075,24.552801575306518,warm_disk_state
1673603329.154,2023-01-13 09:48:49.154,0,1.461,7.149999999965075,24.552801575306518,warm_disk_state
1673603329.689,2023-01-13 09:48:49.689,0,1.424,7.149999999965075,24.552801575306518,warm_disk_state
1673603330.212,2023-01-13 09:48:50.212,0,1.45,7.149999999965075,24.552801575306518,warm_disk_state
1673603330.737,2023-01-13 09:48:50.737,0,1.419,9.250000000029104,24.52951923949631,warm_disk_state
1673603331.263,2023-01-13 09:48:51.263,0,1.487,9.250000000029104,24.52951923949631,warm_disk_state
1673603331.791,2023-01-13 09:48:51.791,0,1.398,9.250000000029104,24.52951923949631,warm_disk_state
1673603332.315,2023-01-13 09:48:52.315,0,1.607,9.250000000029104,24.52951923949631,warm_disk_state
1673603332.844,2023-01-13 09:48:52.844,0,1.408,9.250000000029104,24.52951923949631,warm_disk_state
1673603333.366,2023-01-13 09:48:53.366,0,1.445,9.250000000029104,24.52951923949631,warm_disk_state
1673603333.889,2023-01-13 09:48:53.889,0,1.403,9.250000000029104,24.52951923949631,warm_disk_state
1673603334.418,2023-01-13 09:48:54.418,0,1.424,9.250000000029104,24.52951923949631,warm_disk_state
1673603334.946,2023-01-13 09:48:54.946,0,1.429,9.250000000029104,24.52951923949631,warm_disk_state
1673603335.468,2023-01-13 09:48:55.468,0,1.461,5.349999999962165,24.52794077605155,warm_disk_state
1673603335.997,2023-01-13 09:48:55.997,0,1.529,5.349999999962165,24.52794077605155,warm_disk_state
1673603336.518,2023-01-13 09:48:56.518,0,1.424,5.349999999962165,24.52794077605155,warm_disk_state
1673603337.045,2023-01-13 09:48:57.045,0,1.492,5.349999999962165,24.52794077605155,warm_disk_state
1673603337.573,2023-01-13 09:48:57.573,0,1.523,5.349999999962165,24.52794077605155,warm_disk_state
1673603338.107,2023-01-13 09:48:58.107,0,1.398,5.349999999962165,24.52794077605155,warm_disk_state
1673603338.632,2023-01-13 09:48:58.632,0,1.424,5.349999999962165,24.52794077605155,warm_disk_state
1673603339.162,2023-01-13 09:48:59.162,0,1.45,5.349999999962165,24.52794077605155,warm_disk_state
1673603339.691,2023-01-13 09:48:59.691,0,1.424,5.349999999962165,24.52794077605155,warm_disk_state
1673603340.213,2023-01-13 09:49:00.213,0,1.403,5.349999999962165,24.52794077605155,warm_disk_state
1673603340.742,2023-01-13 09:49:00.742,0,1.503,11.199999999953434,24.525178465023224,warm_disk_state
1673603341.28,2023-01-13 09:49:01.280,0,1.392,11.199999999953434,24.525178465023224,warm_disk_state
1673603341.805,2023-01-13 09:49:01.805,0,1.419,11.199999999953434,24.525178465023224,warm_disk_state
1673603342.326,2023-01-13 09:49:02.326,0,1.571,11.199999999953434,24.525178465023224,warm_disk_state
1673603342.863,2023-01-13 09:49:02.863,0,1.408,11.199999999953434,24.525178465023224,warm_disk_state
1673603343.389,2023-01-13 09:49:03.389,0,1.424,11.199999999953434,24.525178465023224,warm_disk_state
1673603343.913,2023-01-13 09:49:03.913,0,1.387,11.199999999953434,24.525178465023224,warm_disk_state
1673603344.435,2023-01-13 09:49:04.435,0,1.398,11.199999999953434,24.525178465023224,warm_disk_state
1673603344.96,2023-01-13 09:49:04.960,0,1.571,11.199999999953434,24.525178465023224,warm_disk_state
1673603345.487,2023-01-13 09:49:05.487,0,1.963,6.94999999992433,24.528532699843336,warm_disk_state
1673603346.009,2023-01-13 09:49:06.009,0,1.408,6.94999999992433,24.528532699843336,warm_disk_state
1673603346.531,2023-01-13 09:49:06.531,0,1.466,6.94999999992433,24.528532699843336,warm_disk_state
1673603347.052,2023-01-13 09:49:07.052,0,1.544,6.94999999992433,24.528532699843336,warm_disk_state
1673603347.574,2023-01-13 09:49:07.574,0,1.592,6.94999999992433,24.528532699843336,warm_disk_state
1673603349.657,2023-01-13 09:49:09.657,0,1.529,6.94999999992433,24.528532699843336,warm_disk_to_warm_cpu_process
1673603350.422,2023-01-13 09:49:10.422,1,1.869,6.94999999992433,24.528532699843336,warm_disk_to_warm_cpu_process
1673603351.09,2023-01-13 09:49:11.090,1,2.819,10.599999999976717,24.533268090177618,warm_disk_to_warm_cpu_process
1673603351.693,2023-01-13 09:49:11.693,1,2.579,10.599999999976717,24.533268090177618,warm_disk_to_warm_cpu_process
1673603352.278,2023-01-13 09:49:12.278,1,2.584,10.599999999976717,24.533268090177618,warm_disk_to_warm_cpu_process
1673603352.856,2023-01-13 09:49:12.856,1,2.491,10.599999999976717,24.533268090177618,warm_disk_to_warm_cpu_process
1673603353.44,2023-01-13 09:49:13.440,1,2.376,10.599999999976717,24.533268090177618,warm_disk_to_warm_cpu_process
1673603354.022,2023-01-13 09:49:14.022,1,2.413,10.599999999976717,24.533268090177618,warm_disk_to_warm_cpu_process
1673603354.595,2023-01-13 09:49:14.595,1,2.522,10.599999999976717,24.533268090177618,warm_disk_to_warm_cpu_process
1673603355.173,2023-01-13 09:49:15.173,1,2.454,10.599999999976717,24.533268090177618,warm_disk_to_warm_cpu_process
1673603355.748,2023-01-13 09:49:15.748,1,2.428,35.95000000015716,25.030878691138113,warm_disk_to_warm_cpu_process
1673603356.329,2023-01-13 09:49:16.329,1,2.365,35.95000000015716,25.030878691138113,warm_disk_to_warm_cpu_process
1673603356.919,2023-01-13 09:49:16.919,1,2.48,35.95000000015716,25.030878691138113,warm_disk_to_warm_cpu_process
1673603357.511,2023-01-13 09:49:17.511,1,1.932,35.95000000015716,25.030878691138113,warm_disk_to_warm_cpu_process
1673603358.093,2023-01-13 09:49:18.093,1,4.875,35.95000000015716,25.030878691138113,warm_disk_to_warm_cpu_process
1673603358.726,2023-01-13 09:49:18.726,1,3.267,35.95000000015716,25.030878691138113,warm_disk_to_warm_cpu_process
1673603359.346,2023-01-13 09:49:19.346,1,2.501,35.95000000015716,25.030878691138113,warm_disk_to_warm_cpu_process
1673603359.96,2023-01-13 09:49:19.960,1,2.955,35.95000000015716,25.030878691138113,warm_disk_to_warm_cpu_process
1673603360.579,2023-01-13 09:49:20.579,1,3.361,36.449999999967986,27.148979326075036,warm_disk_to_warm_cpu_process
1673603361.213,2023-01-13 09:49:21.213,1,2.637,36.449999999967986,27.148979326075036,warm_disk_to_warm_cpu_process
1673603361.838,2023-01-13 09:49:21.838,1,3.434,36.449999999967986,27.148979326075036,warm_disk_to_warm_cpu_process
1673603362.457,2023-01-13 09:49:22.457,1,3.366,36.449999999967986,27.148979326075036,warm_disk_to_warm_cpu_process
1673603363.06,2023-01-13 09:49:23.060,1,3.521,36.449999999967986,27.148979326075036,warm_disk_to_warm_cpu_process
1673603363.668,2023-01-13 09:49:23.668,1,3.121,36.449999999967986,27.148979326075036,warm_disk_to_warm_cpu_process
1673603364.275,2023-01-13 09:49:24.275,1,3.262,36.449999999967986,27.148979326075036,warm_disk_to_warm_cpu_process
1673603364.877,2023-01-13 09:49:24.877,1,3.303,36.449999999967986,27.148979326075036,warm_disk_to_warm_cpu_process
1673603365.495,2023-01-13 09:49:25.495,1,3.465,35.25000000001455,53.425068367197944,warm_disk_to_warm_cpu_process
1673603366.098,2023-01-13 09:49:26.098,1,3.553,35.25000000001455,53.425068367197944,warm_disk_to_warm_cpu_process
1673603366.709,2023-01-13 09:49:26.709,1,3.168,35.25000000001455,53.425068367197944,warm_disk_to_warm_cpu_process
1673603367.319,2023-01-13 09:49:27.319,1,3.672,35.25000000001455,53.425068367197944,warm_disk_to_warm_cpu_process
1673603367.95,2023-01-13 09:49:27.950,1,3.21,35.25000000001455,53.425068367197944,warm_disk_to_warm_cpu_process
1673603368.556,2023-01-13 09:49:28.556,1,3.485,35.25000000001455,53.425068367197944,warm_disk_to_warm_cpu_process
1673603369.275,2023-01-13 09:49:29.275,1,2.845,35.25000000001455,53.425068367197944,warm_disk_to_warm_cpu_process
1673603369.93,2023-01-13 09:49:29.930,1,1.413,35.25000000001455,53.425068367197944,warm_disk_to_warm_cpu_process
1673603370.555,2023-01-13 09:49:30.555,1,2.386,32.999999999883585,73.64755278973682,warm_disk_to_warm_cpu_process
1673603371.371,2023-01-13 09:49:31.371,1,1.413,32.999999999883585,73.64755278973682,warm_cpu_state
1673603371.951,2023-01-13 09:49:31.951,1,1.408,32.999999999883585,73.64755278973682,warm_cpu_state
1673603372.494,2023-01-13 09:49:32.494,1,1.989,32.999999999883585,73.64755278973682,warm_cpu_state
1673603373.037,2023-01-13 09:49:33.037,1,1.613,32.999999999883585,73.64755278973682,warm_cpu_state
1673603373.578,2023-01-13 09:49:33.578,1,1.434,32.999999999883585,73.64755278973682,warm_cpu_state
1673603374.139,2023-01-13 09:49:34.139,1,1.424,32.999999999883585,73.64755278973682,warm_cpu_state
1673603374.691,2023-01-13 09:49:34.691,1,1.471,32.999999999883585,73.64755278973682,warm_cpu_state
1673603375.246,2023-01-13 09:49:35.246,1,1.466,32.999999999883585,73.64755278973682,warm_cpu_state
1673603375.79,2023-01-13 09:49:35.790,1,1.492,14.100000000180444,73.71463748613913,warm_cpu_state
1673603376.334,2023-01-13 09:49:36.334,1,1.424,14.100000000180444,73.71463748613913,warm_cpu_state
1673603376.888,2023-01-13 09:49:36.888,1,1.419,14.100000000180444,73.71463748613913,warm_cpu_state
1673603377.434,2023-01-13 09:49:37.434,1,1.429,14.100000000180444,73.71463748613913,warm_cpu_state
1673603377.978,2023-01-13 09:49:37.978,1,1.408,14.100000000180444,73.71463748613913,warm_cpu_state
1673603378.521,2023-01-13 09:49:38.521,1,1.581,14.100000000180444,73.71463748613913,warm_cpu_state
1673603379.077,2023-01-13 09:49:39.077,1,1.413,14.100000000180444,73.71463748613913,warm_cpu_state
1673603379.618,2023-01-13 09:49:39.618,1,1.544,14.100000000180444,73.71463748613913,warm_cpu_state
1673603380.165,2023-01-13 09:49:40.165,1,1.429,14.100000000180444,73.71463748613913,warm_cpu_state
1673603380.733,2023-01-13 09:49:40.733,1,2.386,8.05000000000291,73.6051315846589,warm_cpu_state
1673603381.289,2023-01-13 09:49:41.289,1,1.419,8.05000000000291,73.6051315846589,warm_cpu_state
1673603381.836,2023-01-13 09:49:41.836,1,1.497,8.05000000000291,73.6051315846589,warm_cpu_state
1673603382.384,2023-01-13 09:49:42.384,1,1.701,8.05000000000291,73.6051315846589,warm_cpu_state
1673603382.931,2023-01-13 09:49:42.931,1,1.571,8.05000000000291,73.6051315846589,warm_cpu_state
1673603383.473,2023-01-13 09:49:43.473,1,1.44,8.05000000000291,73.6051315846589,warm_cpu_state
1673603384.018,2023-01-13 09:49:44.018,1,1.408,8.05000000000291,73.6051315846589,warm_cpu_state
1673603384.57,2023-01-13 09:49:44.570,1,1.587,8.05000000000291,73.6051315846589,warm_cpu_state
1673603385.114,2023-01-13 09:49:45.114,1,1.445,8.05000000000291,73.6051315846589,warm_cpu_state
1673603385.662,2023-01-13 09:49:45.662,1,2.063,11.049999999813735,73.73673597436576,warm_cpu_state
1673603386.219,2023-01-13 09:49:46.219,1,1.466,11.049999999813735,73.73673597436576,warm_cpu_state
1673603386.773,2023-01-13 09:49:46.773,1,1.461,11.049999999813735,73.73673597436576,warm_cpu_state
1673603387.315,2023-01-13 09:49:47.315,1,1.424,11.049999999813735,73.73673597436576,warm_cpu_state
1673603387.866,2023-01-13 09:49:47.866,1,1.529,11.049999999813735,73.73673597436576,warm_cpu_state
1673603388.414,2023-01-13 09:49:48.414,1,1.419,11.049999999813735,73.73673597436576,warm_cpu_state
1673603388.961,2023-01-13 09:49:48.961,1,1.649,11.049999999813735,73.73673597436576,warm_cpu_state
1673603389.504,2023-01-13 09:49:49.504,1,1.413,11.049999999813735,73.73673597436576,warm_cpu_state
1673603390.047,2023-01-13 09:49:50.047,1,1.398,11.049999999813735,73.73673597436576,warm_cpu_state
1673603390.609,2023-01-13 09:49:50.609,1,2.016,9.45000000006985,73.72351634301589,warm_cpu_state
1673603391.152,2023-01-13 09:49:51.152,1,1.398,9.45000000006985,73.72351634301589,warm_cpu_state
1673603391.701,2023-01-13 09:49:51.701,1,1.408,9.45000000006985,73.72351634301589,warm_cpu_state
1673603392.242,2023-01-13 09:49:52.242,1,1.796,9.45000000006985,73.72351634301589,warm_cpu_state
1673603392.786,2023-01-13 09:49:52.786,1,1.44,9.45000000006985,73.72351634301589,warm_cpu_state
1673603393.361,2023-01-13 09:49:53.361,1,1.434,9.45000000006985,73.72351634301589,warm_cpu_state
1673603393.909,2023-01-13 09:49:53.909,1,1.523,9.45000000006985,73.72351634301589,warm_cpu_state
1673603394.456,2023-01-13 09:49:54.456,1,1.434,9.45000000006985,73.72351634301589,warm_cpu_state
1673603394.999,2023-01-13 09:49:54.999,1,1.597,9.45000000006985,73.72351634301589,warm_cpu_state
1673603395.542,2023-01-13 09:49:55.542,1,2.376,7.8499999998894054,73.72391095887708,warm_cpu_state
1673603396.092,2023-01-13 09:49:56.092,1,1.581,7.8499999998894054,73.72391095887708,warm_cpu_state
1673603396.637,2023-01-13 09:49:56.637,1,1.45,7.8499999998894054,73.72391095887708,warm_cpu_state
1673603397.186,2023-01-13 09:49:57.186,1,1.461,7.8499999998894054,73.72391095887708,warm_cpu_state
1673603397.732,2023-01-13 09:49:57.732,1,1.476,7.8499999998894054,73.72391095887708,warm_cpu_state
1673603398.274,2023-01-13 09:49:58.274,1,1.387,7.8499999998894054,73.72391095887708,warm_cpu_state
1673603398.816,2023-01-13 09:49:58.816,1,1.403,7.8499999998894054,73.72391095887708,warm_cpu_state
1673603399.36,2023-01-13 09:49:59.360,1,1.44,7.8499999998894054,73.72391095887708,warm_cpu_state
1673603399.908,2023-01-13 09:49:59.908,1,1.408,7.8499999998894054,73.72391095887708,warm_cpu_state
1673603400.457,2023-01-13 09:50:00.457,1,1.382,8.350000000064028,73.72884365714195,warm_cpu_state
1673603401.019,2023-01-13 09:50:01.019,1,1.461,8.350000000064028,73.72884365714195,warm_cpu_state
1673603401.565,2023-01-13 09:50:01.565,1,1.403,8.350000000064028,73.72884365714195,warm_cpu_state
1673603402.11,2023-01-13 09:50:02.110,1,1.796,8.350000000064028,73.72884365714195,warm_cpu_state
1673603402.669,2023-01-13 09:50:02.669,1,1.513,8.350000000064028,73.72884365714195,warm_cpu_state
1673603403.218,2023-01-13 09:50:03.218,1,1.476,8.350000000064028,73.72884365714195,warm_cpu_state
1673603403.768,2023-01-13 09:50:03.768,1,1.455,8.350000000064028,73.72884365714195,warm_cpu_state
1673603404.312,2023-01-13 09:50:04.312,1,1.45,8.350000000064028,73.72884365714195,warm_cpu_state
1673603404.858,2023-01-13 09:50:04.858,1,1.45,8.350000000064028,73.72884365714195,warm_cpu_state
1673603405.403,2023-01-13 09:50:05.403,1,1.424,8.350000000064028,73.72884365714195,warm_cpu_state
1673603405.948,2023-01-13 09:50:05.948,1,1.617,9.29999999993015,73.7349602029904,warm_cpu_state
1673603406.492,2023-01-13 09:50:06.492,1,1.487,9.29999999993015,73.7349602029904,warm_cpu_state
1673603407.038,2023-01-13 09:50:07.038,1,1.597,9.29999999993015,73.7349602029904,warm_cpu_state
1673603407.589,2023-01-13 09:50:07.589,1,1.408,9.29999999993015,73.7349602029904,warm_cpu_state
1673603408.139,2023-01-13 09:50:08.139,1,1.434,9.29999999993015,73.7349602029904,warm_cpu_state
1673603408.684,2023-01-13 09:50:08.684,1,1.403,9.29999999993015,73.7349602029904,warm_cpu_state
1673603409.228,2023-01-13 09:50:09.228,1,1.649,9.29999999993015,73.7349602029904,warm_cpu_state
1673603409.775,2023-01-13 09:50:09.775,1,1.461,9.29999999993015,73.7349602029904,warm_cpu_state
1673603410.33,2023-01-13 09:50:10.330,1,1.419,9.29999999993015,73.7349602029904,warm_cpu_state
1673603410.89,2023-01-13 09:50:10.890,1,1.623,7.7000000001862645,73.73890636160229,warm_cpu_state
1673603411.455,2023-01-13 09:50:11.455,1,1.424,7.7000000001862645,73.73890636160229,warm_cpu_state
1673603412.005,2023-01-13 09:50:12.005,1,1.408,7.7000000001862645,73.73890636160229,warm_cpu_state
1673603412.55,2023-01-13 09:50:12.550,1,1.424,7.7000000001862645,73.73890636160229,warm_cpu_state
1673603413.095,2023-01-13 09:50:13.095,1,1.476,7.7000000001862645,73.73890636160229,warm_cpu_state
1673603413.701,2023-01-13 09:50:13.701,1,1.413,7.7000000001862645,73.73890636160229,warm_cpu_state
1673603414.242,2023-01-13 09:50:14.242,1,1.44,7.7000000001862645,73.73890636160229,warm_cpu_state
1673603414.788,2023-01-13 09:50:14.788,1,1.45,7.7000000001862645,73.73890636160229,warm_cpu_state
1673603415.349,2023-01-13 09:50:15.349,1,1.392,7.7000000001862645,73.73890636160229,warm_cpu_state
1673603415.894,2023-01-13 09:50:15.894,1,1.382,10.29999999984284,73.73338173954565,warm_cpu_state
1673603416.448,2023-01-13 09:50:16.448,1,1.387,10.29999999984284,73.73338173954565,warm_cpu_state
1673603416.996,2023-01-13 09:50:16.996,1,1.461,10.29999999984284,73.73338173954565,warm_cpu_state
1673603417.539,2023-01-13 09:50:17.539,1,1.387,10.29999999984284,73.73338173954565,warm_cpu_state
1673603418.133,2023-01-13 09:50:18.133,1,1.392,10.29999999984284,73.73338173954565,warm_cpu_state
1673603418.678,2023-01-13 09:50:18.678,1,1.413,10.29999999984284,73.73338173954565,warm_cpu_state
1673603419.228,2023-01-13 09:50:19.228,1,1.434,10.29999999984284,73.73338173954565,warm_cpu_state
1673603419.77,2023-01-13 09:50:19.770,1,1.44,10.29999999984284,73.73338173954565,warm_cpu_state
1673603420.314,2023-01-13 09:50:20.314,1,1.434,10.29999999984284,73.73338173954565,warm_cpu_state
1673603420.863,2023-01-13 09:50:20.863,1,1.445,7.200000000157161,73.7347628950598,warm_cpu_state
1673603421.425,2023-01-13 09:50:21.425,1,1.45,7.200000000157161,73.7347628950598,warm_cpu_state
1673603421.981,2023-01-13 09:50:21.981,1,1.44,7.200000000157161,73.7347628950598,warm_cpu_state
1673603422.525,2023-01-13 09:50:22.525,1,1.403,7.200000000157161,73.7347628950598,warm_cpu_state
1673603423.089,2023-01-13 09:50:23.089,1,1.424,7.200000000157161,73.7347628950598,warm_cpu_state
1673603423.629,2023-01-13 09:50:23.629,1,1.398,7.200000000157161,73.7347628950598,warm_cpu_state
1673603424.179,2023-01-13 09:50:24.179,1,1.408,7.200000000157161,73.7347628950598,warm_cpu_state
1673603424.724,2023-01-13 09:50:24.724,1,1.419,7.200000000157161,73.7347628950598,warm_cpu_state
1673603425.267,2023-01-13 09:50:25.267,1,1.408,7.200000000157161,73.7347628950598,warm_cpu_state
1673603425.815,2023-01-13 09:50:25.815,1,1.398,9.249999999956344,73.73791982194933,warm_cpu_state
1673603426.361,2023-01-13 09:50:26.361,1,1.55,9.249999999956344,73.73791982194933,warm_cpu_state
1673603426.906,2023-01-13 09:50:26.906,1,1.534,9.249999999956344,73.73791982194933,warm_cpu_state
1673603427.462,2023-01-13 09:50:27.462,1,1.429,9.249999999956344,73.73791982194933,warm_cpu_state
1673603428.012,2023-01-13 09:50:28.012,1,1.398,9.249999999956344,73.73791982194933,warm_cpu_state
1673603428.563,2023-01-13 09:50:28.563,1,1.419,9.249999999956344,73.73791982194933,warm_cpu_state
1673603429.107,2023-01-13 09:50:29.107,1,1.555,9.249999999956344,73.73791982194933,warm_cpu_state
1673603429.672,2023-01-13 09:50:29.672,1,1.513,9.249999999956344,73.73791982194933,warm_cpu_state
1673603430.267,2023-01-13 09:50:30.267,1,1.413,9.249999999956344,73.73791982194933,warm_cpu_state
1673603430.809,2023-01-13 09:50:30.809,1,1.497,8.099999999831198,73.7505475295074,warm_cpu_state
1673603431.358,2023-01-13 09:50:31.358,1,1.429,8.099999999831198,73.7505475295074,warm_cpu_state
1673603431.905,2023-01-13 09:50:31.905,1,1.492,8.099999999831198,73.7505475295074,warm_cpu_state
1673603432.457,2023-01-13 09:50:32.457,1,1.398,8.099999999831198,73.7505475295074,warm_cpu_state
1673603433.003,2023-01-13 09:50:33.003,1,1.649,8.099999999831198,73.7505475295074,warm_cpu_state
1673603433.551,2023-01-13 09:50:33.551,1,1.518,8.099999999831198,73.7505475295074,warm_cpu_state
1673603434.096,2023-01-13 09:50:34.096,1,1.382,8.099999999831198,73.7505475295074,warm_cpu_state
1673603434.645,2023-01-13 09:50:34.645,1,1.398,8.099999999831198,73.7505475295074,warm_cpu_state
1673603435.188,2023-01-13 09:50:35.188,1,1.387,8.099999999831198,73.7505475295074,warm_cpu_state
1673603435.747,2023-01-13 09:50:35.747,1,1.466,7.350000000296859,73.73456558712921,warm_cpu_state
1673603436.3,2023-01-13 09:50:36.300,1,1.419,7.350000000296859,73.73456558712921,warm_cpu_state
1673603436.847,2023-01-13 09:50:36.847,1,1.513,7.350000000296859,73.73456558712921,warm_cpu_state
1673603467.501,2023-01-13 09:51:07.501,1,5.525,25.779688124648274,89.52097580610156,active_state
1673603468.057,2023-01-13 09:51:08.057,1,4.931,25.779688124648274,89.52097580610156,active_state
1673603468.602,2023-01-13 09:51:08.602,1,4.605,25.779688124648274,89.52097580610156,active_state
1673603469.148,2023-01-13 09:51:09.148,1,5.195,25.779688124648274,89.52097580610156,active_state
1673603469.696,2023-01-13 09:51:09.696,1,5.35,25.779688124648274,89.52097580610156,active_state
1673603470.24,2023-01-13 09:51:10.240,1,5.4,25.779688124648274,89.52097580610156,active_state
1673603470.85,2023-01-13 09:51:10.850,1,6.193,22.268907563348392,89.2404039287955,active_state
1673603471.489,2023-01-13 09:51:11.489,1,4.774,22.268907563348392,89.2404039287955,active_state
1673603472.041,2023-01-13 09:51:12.041,1,4.904,22.268907563348392,89.2404039287955,active_state
1673603472.595,2023-01-13 09:51:12.595,1,2.554,22.268907563348392,89.2404039287955,active_state
1673603473.148,2023-01-13 09:51:13.148,1,2.047,22.268907563348392,89.2404039287955,active_state
1673603473.694,2023-01-13 09:51:13.694,1,2.026,22.268907563348392,89.2404039287955,active_state
1673603474.237,2023-01-13 09:51:14.237,1,2.01,22.268907563348392,89.2404039287955,active_state
1673603474.784,2023-01-13 09:51:14.784,1,1.45,22.268907563348392,89.2404039287955,active_state
1673603475.347,2023-01-13 09:51:15.347,1,1.419,22.268907563348392,89.2404039287955,active_state
1673603475.892,2023-01-13 09:51:15.892,1,1.534,25.749999999898137,22.770913654103413,active_state
1673603476.436,2023-01-13 09:51:16.436,1,1.424,25.749999999898137,22.770913654103413,active_state
1673603476.98,2023-01-13 09:51:16.980,1,1.602,25.749999999898137,22.770913654103413,active_state
1673603477.525,2023-01-13 09:51:17.525,1,1.424,25.749999999898137,22.770913654103413,active_state
1673603478.069,2023-01-13 09:51:18.069,1,1.434,25.749999999898137,22.770913654103413,active_state
1673603478.613,2023-01-13 09:51:18.613,1,1.424,25.749999999898137,22.770913654103413,active_state
1673603479.163,2023-01-13 09:51:19.163,1,1.858,25.749999999898137,22.770913654103413,active_state
1673603479.717,2023-01-13 09:51:19.717,1,1.424,25.749999999898137,22.770913654103413,active_state
1673603480.263,2023-01-13 09:51:20.263,1,1.466,25.749999999898137,22.770913654103413,active_state
1673603480.807,2023-01-13 09:51:20.807,1,1.455,6.3499999998748535,22.792025602677075,active_state
1673603481.365,2023-01-13 09:51:21.365,1,1.461,6.3499999998748535,22.792025602677075,active_state
1673603481.912,2023-01-13 09:51:21.912,1,1.56,6.3499999998748535,22.792025602677075,active_state
1673603482.458,2023-01-13 09:51:22.458,1,1.68,6.3499999998748535,22.792025602677075,active_state
1673603483.008,2023-01-13 09:51:23.008,1,1.738,6.3499999998748535,22.792025602677075,active_state
1673603483.552,2023-01-13 09:51:23.552,1,1.471,6.3499999998748535,22.792025602677075,active_state
1673603484.098,2023-01-13 09:51:24.098,1,1.539,6.3499999998748535,22.792025602677075,active_state
1673603484.643,2023-01-13 09:51:24.643,1,1.424,6.3499999998748535,22.792025602677075,active_state
1673603485.186,2023-01-13 09:51:25.186,1,1.413,6.3499999998748535,22.792025602677075,active_state
1673603485.739,2023-01-13 09:51:25.739,1,1.45,9.899999999979627,22.826751798461785,active_state
1673603486.283,2023-01-13 09:51:26.283,1,1.565,9.899999999979627,22.826751798461785,active_state
1673603486.827,2023-01-13 09:51:26.827,1,1.408,9.899999999979627,22.826751798461785,active_state
1673603487.372,2023-01-13 09:51:27.372,1,1.424,9.899999999979627,22.826751798461785,active_state
1673603487.916,2023-01-13 09:51:27.916,1,1.843,9.899999999979627,22.826751798461785,active_state
1673603488.459,2023-01-13 09:51:28.459,1,1.434,9.899999999979627,22.826751798461785,active_state
1673603489.001,2023-01-13 09:51:29.001,1,1.623,9.899999999979627,22.826751798461785,active_state
1673603489.545,2023-01-13 09:51:29.545,1,1.434,9.899999999979627,22.826751798461785,active_state
1673603490.091,2023-01-13 09:51:30.091,1,1.597,9.899999999979627,22.826751798461785,active_state
1673603490.635,2023-01-13 09:51:30.635,1,1.644,9.30000000007567,22.82004332882156,active_state
1673603491.181,2023-01-13 09:51:31.181,1,1.466,9.30000000007567,22.82004332882156,active_state
1673603491.734,2023-01-13 09:51:31.734,1,1.434,9.30000000007567,22.82004332882156,active_state
1673603492.282,2023-01-13 09:51:32.282,1,1.817,9.30000000007567,22.82004332882156,active_state
1673603492.828,2023-01-13 09:51:32.828,1,1.413,9.30000000007567,22.82004332882156,active_state
1673603493.458,2023-01-13 09:51:33.458,1,1.958,9.30000000007567,22.82004332882156,active_state
1673603494.003,2023-01-13 09:51:34.003,1,1.424,9.30000000007567,22.82004332882156,active_state
1673603494.542,2023-01-13 09:51:34.542,1,1.413,9.30000000007567,22.82004332882156,active_state
1673603495.09,2023-01-13 09:51:35.090,1,1.434,9.30000000007567,22.82004332882156,active_state
1673603495.649,2023-01-13 09:51:35.649,1,2.339,8.549999999886495,22.8301060332819,active_state
1673603496.191,2023-01-13 09:51:36.191,1,1.455,8.549999999886495,22.8301060332819,active_state
1673603496.738,2023-01-13 09:51:36.738,1,1.44,8.549999999886495,22.8301060332819,active_state
1673603497.282,2023-01-13 09:51:37.282,1,1.429,8.549999999886495,22.8301060332819,active_state
1673603497.826,2023-01-13 09:51:37.826,1,1.434,8.549999999886495,22.8301060332819,active_state
1673603498.368,2023-01-13 09:51:38.368,1,1.518,8.549999999886495,22.8301060332819,active_state
1673603498.913,2023-01-13 09:51:38.913,1,1.613,8.549999999886495,22.8301060332819,active_state
1673603499.46,2023-01-13 09:51:39.460,1,1.518,8.549999999886495,22.8301060332819,active_state
1673603500.003,2023-01-13 09:51:40.003,1,1.481,8.549999999886495,22.8301060332819,active_state
1673603500.547,2023-01-13 09:51:40.547,1,2.6,9.950000000026193,22.8379983505057,active_state
1673603501.09,2023-01-13 09:51:41.090,1,2.908,9.950000000026193,22.8379983505057,active_state
1673603501.637,2023-01-13 09:51:41.637,1,2.527,9.950000000026193,22.8379983505057,active_state
1673603502.182,2023-01-13 09:51:42.182,1,2.109,9.950000000026193,22.8379983505057,active_state
1673603502.731,2023-01-13 09:51:42.731,0,1.612,9.950000000026193,22.8379983505057,active_state
1673603503.256,2023-01-13 09:51:43.256,0,1.544,9.950000000026193,22.8379983505057,active_state
1673603503.781,2023-01-13 09:51:43.781,0,1.413,9.950000000026193,22.8379983505057,active_state
1673603504.303,2023-01-13 09:51:44.303,0,1.413,9.950000000026193,22.8379983505057,active_state
1673603504.825,2023-01-13 09:51:44.825,0,1.413,9.950000000026193,22.8379983505057,active_state
1673603505.347,2023-01-13 09:51:45.347,0,1.408,9.950000000026193,22.8379983505057,active_state
1673603505.878,2023-01-13 09:51:45.878,0,2.324,16.050000000104774,22.265213427988524,active_state
1673603506.401,2023-01-13 09:51:46.401,0,1.44,16.050000000104774,22.265213427988524,active_state
1673603506.923,2023-01-13 09:51:46.923,0,1.503,16.050000000104774,22.265213427988524,active_state
1673603507.444,2023-01-13 09:51:47.444,0,1.424,16.050000000104774,22.265213427988524,active_state
1673603507.97,2023-01-13 09:51:47.970,0,1.45,16.050000000104774,22.265213427988524,active_state
1673603508.499,2023-01-13 09:51:48.499,0,1.471,16.050000000104774,22.265213427988524,active_state
1673603509.02,2023-01-13 09:51:49.020,0,1.56,16.050000000104774,22.265213427988524,active_state
1673603509.543,2023-01-13 09:51:49.543,0,1.461,16.050000000104774,22.265213427988524,active_state
1673603510.063,2023-01-13 09:51:50.063,0,1.434,16.050000000104774,22.265213427988524,active_state
1673603510.599,2023-01-13 09:51:50.599,0,2.084,9.85000000007858,22.27863036726898,active_state
1673603511.126,2023-01-13 09:51:51.126,0,1.455,9.85000000007858,22.27863036726898,active_state
1673603511.654,2023-01-13 09:51:51.654,0,1.476,9.85000000007858,22.27863036726898,active_state
1673603512.181,2023-01-13 09:51:52.181,0,1.44,9.85000000007858,22.27863036726898,active_state
1673603512.704,2023-01-13 09:51:52.704,0,1.832,9.85000000007858,22.27863036726898,active_state
1673603513.226,2023-01-13 09:51:53.226,0,1.445,9.85000000007858,22.27863036726898,active_state
1673603513.749,2023-01-13 09:51:53.749,0,1.419,9.85000000007858,22.27863036726898,active_state
1673603514.278,2023-01-13 09:51:54.278,0,1.403,9.85000000007858,22.27863036726898,active_state
1673603514.801,2023-01-13 09:51:54.801,0,1.429,9.85000000007858,22.27863036726898,active_state
1673603515.323,2023-01-13 09:51:55.323,0,1.413,9.85000000007858,22.27863036726898,active_state
1673603515.845,2023-01-13 09:51:55.845,0,1.419,6.449999999895226,22.169716389580564,active_state
1673603516.367,2023-01-13 09:51:56.367,0,1.461,6.449999999895226,22.169716389580564,active_state
1673603516.894,2023-01-13 09:51:56.894,0,1.597,6.449999999895226,22.169716389580564,active_state
1673603517.43,2023-01-13 09:51:57.430,0,1.424,6.449999999895226,22.169716389580564,active_state
1673603517.952,2023-01-13 09:51:57.952,0,1.413,6.449999999895226,22.169716389580564,active_state
1673603518.474,2023-01-13 09:51:58.474,0,1.45,6.449999999895226,22.169716389580564,active_state
1673603518.997,2023-01-13 09:51:58.997,0,1.581,6.449999999895226,22.169716389580564,active_state
1673603519.522,2023-01-13 09:51:59.522,0,1.434,6.449999999895226,22.169716389580564,active_state
1673603520.059,2023-01-13 09:52:00.059,0,1.413,6.449999999895226,22.169716389580564,active_state
1673603520.579,2023-01-13 09:52:00.579,0,2.13,8.099999999903957,22.24074724459475,active_state
1673603521.114,2023-01-13 09:52:01.114,0,1.424,8.099999999903957,22.24074724459475,active_state
1673603521.648,2023-01-13 09:52:01.648,0,1.429,8.099999999903957,22.24074724459475,active_state
1673603522.175,2023-01-13 09:52:02.175,0,1.424,8.099999999903957,22.24074724459475,active_state
1673603522.703,2023-01-13 09:52:02.703,0,1.482,8.099999999903957,22.24074724459475,active_state
1673603523.227,2023-01-13 09:52:03.227,0,1.408,8.099999999903957,22.24074724459475,active_state
1673603523.748,2023-01-13 09:52:03.748,0,1.487,8.099999999903957,22.24074724459475,active_state
1673603524.274,2023-01-13 09:52:04.274,0,1.408,8.099999999903957,22.24074724459475,active_state
1673603524.798,2023-01-13 09:52:04.798,0,1.461,8.099999999903957,22.24074724459475,active_state
1673603525.323,2023-01-13 09:52:05.323,0,1.434,8.099999999903957,22.24074724459475,active_state
1673603525.845,2023-01-13 09:52:05.845,0,1.413,7.550000000046566,22.204639893295873,active_state
1673603526.368,2023-01-13 09:52:06.368,0,1.471,7.550000000046566,22.204639893295873,active_state
1673603526.891,2023-01-13 09:52:06.891,0,1.487,7.550000000046566,22.204639893295873,active_state
1673603527.417,2023-01-13 09:52:07.417,0,1.487,7.550000000046566,22.204639893295873,active_state
1673603527.943,2023-01-13 09:52:07.943,0,1.45,7.550000000046566,22.204639893295873,active_state
1673603528.467,2023-01-13 09:52:08.467,0,1.476,7.550000000046566,22.204639893295873,active_state
1673603528.989,2023-01-13 09:52:08.989,0,1.602,7.550000000046566,22.204639893295873,active_state
1673603529.513,2023-01-13 09:52:09.513,0,1.576,7.550000000046566,22.204639893295873,active_state
1673603530.037,2023-01-13 09:52:10.037,0,1.895,7.550000000046566,22.204639893295873,active_state
1673603530.56,2023-01-13 09:52:10.560,0,2.323,12.700000000113505,22.284352297256234,active_state
1673603531.083,2023-01-13 09:52:11.083,0,1.45,12.700000000113505,22.284352297256234,active_state
1673603531.623,2023-01-13 09:52:11.623,0,1.413,12.700000000113505,22.284352297256234,active_state
