1674990762.477,2023-01-29 11:12:42.477,0,1.492,11.249999998835847,0,25.929221699136974,310280962475,null_state
1674990763.013,2023-01-29 11:12:43.013,0,1.607,11.249999998835847,0,25.929221699136974,310281265571,null_state
1674990763.544,2023-01-29 11:12:43.544,0,1.476,9.749999997438863,0,25.915410143995327,310281547990,null_state
1674990764.071,2023-01-29 11:12:44.071,0,1.466,9.749999997438863,0,25.915410143995327,310281817791,null_state
1674990764.611,2023-01-29 11:12:44.611,0,1.518,9.250000002793968,0,25.905150131604387,310282265574,null_state
1674990765.143,2023-01-29 11:12:45.143,0,1.513,9.250000002793968,0,25.905150131604387,310282541189,null_state
1674990765.678,2023-01-29 11:12:45.678,0,1.497,10.249999997904524,0,25.903571668159632,310282803695,null_state
1674990766.211,2023-01-29 11:12:46.211,0,1.581,11.500000004889444,0,25.90712321091034,310283331368,null_state
1674990766.744,2023-01-29 11:12:46.744,0,1.502,11.500000004889444,0,25.90712321091034,310283586559,null_state
1674990767.275,2023-01-29 11:12:47.275,0,2.24,13.750000001164153,0,25.896863198519398,310283870326,null_state
1674990767.817,2023-01-29 11:12:47.817,0,1.555,13.750000001164153,0,25.896863198519398,310284120626,null_state
1674990768.347,2023-01-29 11:12:48.347,0,1.775,12.499999997089617,0,25.909096290216286,310284389953,null_state
1674990768.876,2023-01-29 11:12:48.876,0,1.544,12.499999997089617,0,25.909096290216286,310284695787,null_state
1674990769.423,2023-01-29 11:12:49.423,0,2.439,10.999999998603016,0,25.901401280923086,310284941853,null_state
1674990769.958,2023-01-29 11:12:49.958,0,1.571,10.999999998603016,0,25.901401280923086,310285246082,null_state
1674990770.486,2023-01-29 11:12:50.486,0,1.55,12.750000003143214,0,25.9124505250364,310285525717,null_state
1674990771.025,2023-01-29 11:12:51.025,0,1.471,12.750000003143214,0,25.9124505250364,310285763904,null_state
1674990771.559,2023-01-29 11:12:51.559,0,1.471,8.74999999650754,0,25.92389438501091,310286087101,null_state
1674990772.092,2023-01-29 11:12:52.092,0,1.911,8.74999999650754,0,25.92389438501091,310286367797,null_state
1674990772.623,2023-01-29 11:12:52.623,0,1.466,13.250000003608875,0,25.90554474746558,310286657702,null_state
1674990773.157,2023-01-29 11:12:53.157,0,1.529,13.250000003608875,0,25.90554474746558,310286941421,null_state
1674990773.69,2023-01-29 11:12:53.690,0,1.581,7.49999999825377,0,25.903966284020818,310287232776,null_state
1674990774.219,2023-01-29 11:12:54.219,0,1.754,11.249999998835847,0,25.90554474746558,310287487921,null_state
1674990774.757,2023-01-29 11:12:54.757,0,1.518,11.249999998835847,0,25.90554474746558,310287752314,null_state
1674990775.293,2023-01-29 11:12:55.293,0,2.319,12.000000002444722,0,25.891733192323933,310288045803,null_state
1674990775.83,2023-01-29 11:12:55.830,0,1.544,12.000000002444722,0,25.891733192323933,310288299505,null_state
1674990776.36,2023-01-29 11:12:56.360,0,1.78,12.75000000023283,0,25.924289000872104,310288834109,null_state
1674990776.889,2023-01-29 11:12:56.889,0,1.576,12.75000000023283,0,25.924289000872104,310289118218,null_state
1674990777.429,2023-01-29 11:12:57.429,0,1.492,9.749999997438863,0,25.897455122311186,310289376351,null_state
1674990777.96,2023-01-29 11:12:57.960,0,1.55,9.749999997438863,0,25.897455122311186,310289660820,null_state
1674990778.495,2023-01-29 11:12:58.495,0,1.623,8.250000004773028,0,25.905150131604387,310289919257,null_state
1674990779.025,2023-01-29 11:12:59.025,0,1.497,8.250000004773028,0,25.905150131604387,310290228814,null_state
1674990779.555,2023-01-29 11:12:59.555,0,1.487,8.249999998952262,0,25.885222030614297,310290501662,null_state
1674990780.084,2023-01-29 11:13:00.084,0,1.487,8.249999998952262,0,25.885222030614297,310290776173,null_state
1674990780.617,2023-01-29 11:13:00.617,0,1.67,9.249999996973202,0,25.89449550335226,310291032161,null_state
1674990781.163,2023-01-29 11:13:01.163,0,1.513,9.249999996973202,0,25.9163966836483,310291292826,null_state
1674990781.695,2023-01-29 11:13:01.695,0,1.56,10.25000000372529,0,25.9163966836483,310291518602,null_state
1674990782.252,2023-01-29 11:13:02.252,0,2.423,10.999999998603016,0,25.915212836064732,310291778411,null_state
1674990782.785,2023-01-29 11:13:02.785,0,1.675,10.999999998603016,0,25.915212836064732,310292080465,null_state
1674990783.326,2023-01-29 11:13:03.326,0,1.843,12.24999999976717,0,25.922907845357933,310292373688,null_state
1674990783.863,2023-01-29 11:13:03.863,0,2.193,12.24999999976717,0,25.922907845357933,310292642170,null_state
1674990784.394,2023-01-29 11:13:04.394,0,2.271,8.749999999417923,0,25.914423604342353,310292902095,null_state
1674990784.924,2023-01-29 11:13:04.924,0,1.581,8.749999999417923,0,25.914423604342353,310293152710,null_state
1674990785.453,2023-01-29 11:13:05.453,0,1.911,8.74999999650754,0,25.928827083275785,310293424508,null_state
1674990785.987,2023-01-29 11:13:05.987,0,1.476,8.74999999650754,0,25.928827083275785,310293732856,null_state
1674990786.531,2023-01-29 11:13:06.531,0,1.471,13.000000003376044,0,25.90712321091034,310294190795,null_state
1674990787.06,2023-01-29 11:13:07.060,0,1.497,13.000000003376044,0,25.90712321091034,310294501039,null_state
1674990787.591,2023-01-29 11:13:07.591,0,1.471,10.000000000582077,0,25.919356302607227,310294738668,null_state
1674990788.12,2023-01-29 11:13:08.120,0,1.476,10.000000000582077,0,25.919356302607227,310295029014,null_state
1674990788.649,2023-01-29 11:13:08.649,0,1.487,5.749999996623956,0,25.931589394304115,310295285452,null_state
1674990789.181,2023-01-29 11:13:09.181,0,1.57,11.50000000197906,0,25.93237862602649,310295598247,null_state
1674990789.712,2023-01-29 11:13:09.712,0,1.649,11.50000000197906,0,25.93237862602649,310295884718,null_state
1674990790.243,2023-01-29 11:13:10.243,0,2.318,15.250000002561137,0,25.92014553432961,310296137462,null_state
1674990790.775,2023-01-29 11:13:10.775,0,1.623,15.250000002561137,0,25.92014553432961,310296417295,null_state
1674990791.32,2023-01-29 11:13:11.320,0,1.759,9.749999997438863,0,25.931589394304115,310296752573,null_state
1674990791.853,2023-01-29 11:13:11.853,0,1.539,9.749999997438863,0,25.931589394304115,310297007985,null_state
1674990792.382,2023-01-29 11:13:12.382,0,2.344,10.000000000582077,0,25.917777839162465,310297267018,null_state
1674990792.915,2023-01-29 11:13:12.915,0,1.644,10.000000000582077,0,25.917777839162465,310297579104,null_state
1674990793.452,2023-01-29 11:13:13.452,0,1.565,9.250000002793968,0,25.906531287118558,310297890275,null_state
1674990793.98,2023-01-29 11:13:13.980,0,1.492,9.250000002793968,0,25.906531287118558,310298150963,null_state
1674990794.519,2023-01-29 11:13:14.519,0,1.654,10.749999998370185,0,25.89883627782535,310298397776,null_state
1674990795.048,2023-01-29 11:13:15.048,0,1.518,10.749999998370185,0,25.89883627782535,310298696103,null_state
1674990795.579,2023-01-29 11:13:15.579,0,1.539,9.249999999883585,0,25.90041474127011,310298936919,null_state
1674990796.111,2023-01-29 11:13:16.111,0,2.104,9.249999999883585,0,25.90041474127011,310299315994,null_state
1674990796.646,2023-01-29 11:13:16.646,0,2.287,12.75000000023283,0,25.936324784638394,310299702010,null_state
1674990797.174,2023-01-29 11:13:17.174,0,2.334,15.249999999650754,0,25.969275209047755,310300009781,null_state
1674990797.701,2023-01-29 11:13:17.701,0,1.827,15.249999999650754,0,25.969275209047755,310300263770,null_state
1674990798.228,2023-01-29 11:13:18.228,0,2.135,10.499999998137355,0,25.935338244985417,310300526078,null_state
1674990798.759,2023-01-29 11:13:18.759,0,1.628,10.499999998137355,0,25.935338244985417,310300784445,null_state
1674990799.292,2023-01-29 11:13:19.292,0,2.188,7.250000003841706,0,25.923697077080316,310301071110,null_state
1674990799.829,2023-01-29 11:13:19.829,0,1.492,7.250000003841706,0,25.923697077080316,310301376141,null_state
1674990800.359,2023-01-29 11:13:20.359,0,3.381,16.999999995459802,0,25.839841206577457,310301625362,null_state
1674990800.894,2023-01-29 11:13:20.894,0,1.612,16.999999995459802,0,25.839841206577457,310301897242,null_state
1674990801.435,2023-01-29 11:13:21.435,0,1.591,11.25000000174623,0,25.884827414753108,310302150645,null_state
1674990801.973,2023-01-29 11:13:21.973,0,1.539,11.25000000174623,0,25.884827414753108,310302501542,null_state
1674990802.509,2023-01-29 11:13:22.509,0,1.46,8.000000001629815,0,25.884827414753108,310302747145,null_state
1674990803.038,2023-01-29 11:13:23.038,0,1.586,8.000000001629815,0,25.884827414753108,310303082102,null_state
1674990803.572,2023-01-29 11:13:23.572,0,1.523,11.249999995925464,0,25.908504366424506,310303314341,null_state
1674990804.109,2023-01-29 11:13:24.109,0,1.539,11.249999995925464,0,25.908504366424506,310303586762,null_state
1674990804.643,2023-01-29 11:13:24.643,0,1.513,12.5,0,25.91955361053782,310303816956,null_state
1674990805.175,2023-01-29 11:13:25.175,0,1.481,12.250000002677552,0,25.932773241887684,310304133223,null_state
1674990805.703,2023-01-29 11:13:25.703,0,1.497,12.250000002677552,0,25.932773241887684,310304382216,null_state
1674990806.233,2023-01-29 11:13:26.233,0,1.932,5.499999999301508,0,25.924289000872104,310304860778,null_state
1674990806.768,2023-01-29 11:13:26.768,0,1.727,5.499999999301508,0,25.924289000872104,310305185815,null_state
1674990807.306,2023-01-29 11:13:27.306,0,2.256,11.750000002211891,0,25.919750918468417,310305481736,null_state
1674990807.839,2023-01-29 11:13:27.839,0,1.471,11.750000002211891,0,25.919750918468417,310305751907,null_state
1674990808.366,2023-01-29 11:13:28.366,0,1.534,5.999999996856786,0,25.912055909175212,310305999266,null_state
1674990808.902,2023-01-29 11:13:28.902,0,1.712,5.999999996856786,0,25.912055909175212,310306228467,null_state
1674990809.433,2023-01-29 11:13:29.433,0,1.686,9.500000003026798,0,25.901401280923086,310306496445,null_state
1674990809.973,2023-01-29 11:13:29.973,0,1.497,9.500000003026798,0,25.901401280923086,310306790358,null_state
1674990810.501,2023-01-29 11:13:30.501,0,1.497,9.750000000349246,0,25.90751782677153,310307047481,null_state
1674990811.029,2023-01-29 11:13:31.029,0,1.539,9.750000000349246,0,25.90751782677153,310307324345,null_state
1674990811.559,2023-01-29 11:13:31.559,0,1.565,12.999999997555278,0,25.911661293314026,310307570503,null_state
1674990812.089,2023-01-29 11:13:32.089,0,1.476,12.999999997555278,0,25.911661293314026,310307836358,null_state
1674990812.625,2023-01-29 11:13:32.625,0,1.461,10.499999998137355,0,25.917777839162465,310308088543,null_state
1674990813.185,2023-01-29 11:13:33.185,0,2.037,7.750000001396984,0,25.91698860744009,310308424068,null_state
1674990813.714,2023-01-29 11:13:33.714,0,1.45,7.750000001396984,0,25.91698860744009,310308700721,null_state
1674990814.245,2023-01-29 11:13:34.245,0,1.617,8.500000002095476,0,25.927643235692216,310308969302,null_state
1674990814.774,2023-01-29 11:13:34.774,0,1.481,8.500000002095476,0,25.927643235692216,310309213072,null_state
1674990815.303,2023-01-29 11:13:35.303,0,2.318,9.249999999883585,0,25.918567070884848,310309502167,null_state
1674990815.832,2023-01-29 11:13:35.832,0,1.571,9.249999999883585,0,25.918567070884848,310309760397,null_state
1674990816.381,2023-01-29 11:13:36.381,0,1.466,10.500000001047738,0,25.916199375717706,310310241674,null_state
1674990816.929,2023-01-29 11:13:36.929,0,1.727,10.500000001047738,0,25.916199375717706,310310553506,null_state
1674990817.459,2023-01-29 11:13:37.459,0,1.476,9.249999996973202,0,25.90593936332677,310310848029,null_state
1674990817.991,2023-01-29 11:13:37.991,0,1.513,9.249999996973202,0,25.90593936332677,310311120827,null_state
1674990818.519,2023-01-29 11:13:38.519,0,1.502,10.249999997904524,0,25.928037851553405,310311353703,null_state
1674990819.051,2023-01-29 11:13:39.051,0,1.738,10.249999997904524,0,25.928037851553405,310311659694,null_state
1674990819.588,2023-01-29 11:13:39.588,0,1.466,11.50000000197906,0,25.91896168674604,310311941321,null_state
1674990820.117,2023-01-29 11:13:40.117,0,1.502,11.50000000197906,0,25.91896168674604,310312215648,null_state
1674990820.643,2023-01-29 11:13:40.643,0,1.707,8.249999998952262,0,25.915015528134138,310312462245,null_state
1674990821.176,2023-01-29 11:13:41.176,0,1.848,10.500000003958121,0,25.918172455023658,310312839901,null_state
1674990821.713,2023-01-29 11:13:41.713,0,1.497,10.500000003958121,0,25.918172455023658,310313191574,null_state
1674990822.247,2023-01-29 11:13:42.247,0,1.571,10.749999998370185,0,25.91580475985652,310313481751,null_state
1674990822.777,2023-01-29 11:13:42.777,0,1.471,10.749999998370185,0,25.91580475985652,310313749574,null_state
1674990823.307,2023-01-29 11:13:43.307,0,2.235,8.499999999185093,0,25.9284324674146,310314059467,null_state
1674990823.834,2023-01-29 11:13:43.834,0,1.476,8.499999999185093,0,25.9284324674146,310314426653,null_state
1674990824.364,2023-01-29 11:13:44.364,0,1.843,7.9999999987194315,0,25.914620912272945,310314673811,null_state
1674990824.894,2023-01-29 11:13:44.894,0,1.795,7.9999999987194315,0,25.914620912272945,310314931596,null_state
1674990825.429,2023-01-29 11:13:45.429,0,2.271,14.999999999417923,0,25.90199320471487,310315200206,null_state
1674990826.002,2023-01-29 11:13:46.002,0,1.492,14.999999999417923,0,25.90199320471487,310315499990,null_to_cold_process
1674990826.418,2023-01-29 11:13:46.418,0,2.308,9.500000005937181,0,25.912647832967,310315802300,null_to_cold_process
1674990826.78,2023-01-29 11:13:46.780,0,1.45,9.500000005937181,0,25.912647832967,310316033125,null_to_cold_process
1674990827.152,2023-01-29 11:13:47.152,0,1.738,9.500000005937181,0,25.912647832967,310316262190,null_to_cold_process
1674990827.521,2023-01-29 11:13:47.521,0,1.523,8.999999996740371,0,25.913437064689376,310316341051,null_to_cold_process
1674990827.878,2023-01-29 11:13:47.878,0,1.502,8.999999996740371,0,25.913437064689376,310316498473,null_to_cold_process
1674990828.285,2023-01-29 11:13:48.285,0,2.187,12.75000000023283,0,25.906531287118558,310317612770,null_to_cold_process
1674990833.772,2023-01-29 11:13:53.772,1,1.581,13.500000000931323,0,26.41538844012296,310331749462,cold_to_null_process
1674990834.218,2023-01-29 11:13:54.218,1,1.995,16.250000000582077,0,26.41598036391475,310332686521,cold_to_null_process
1674991328.312,2023-01-29 11:22:08.312,0,2.24,8.250000001862645,0,26.319102169992618,311148605960,warm_disk_state
1674991328.841,2023-01-29 11:22:08.841,0,1.628,8.250000001862645,0,26.319102169992618,311148893740,warm_disk_state
1674991329.369,2023-01-29 11:22:09.369,0,1.885,7.750000001396984,0,26.31831293827024,311149161158,warm_disk_state
1674991329.899,2023-01-29 11:22:09.899,0,1.571,7.750000001396984,0,26.31831293827024,311149434243,warm_disk_state
1674991330.433,2023-01-29 11:22:10.433,0,1.476,12.999999997555278,0,26.300160608655503,311149703086,warm_disk_state
1674991330.965,2023-01-29 11:22:10.965,0,1.586,12.999999997555278,0,26.300160608655503,311149987569,warm_disk_state
1674991331.495,2023-01-29 11:22:11.495,0,1.555,10.249999997904524,0,26.305290614850975,311150422946,warm_disk_state
1674991332.025,2023-01-29 11:22:12.025,0,1.487,10.249999997904524,0,26.305290614850975,311150742527,warm_disk_state
1674991332.568,2023-01-29 11:22:12.568,0,1.591,8.000000001629815,0,26.3121963924218,311151055501,warm_disk_state
1674991333.096,2023-01-29 11:22:13.096,0,1.487,8.000000001629815,0,26.3121963924218,311151384477,warm_disk_state
1674991333.626,2023-01-29 11:22:13.626,0,1.476,11.499999999068677,0,26.311407160699417,311151621709,warm_disk_state
1674991334.159,2023-01-29 11:22:14.159,0,1.508,11.499999999068677,0,26.311407160699417,311151910015,warm_disk_state
1674991334.695,2023-01-29 11:22:14.695,0,1.445,11.749999999301508,0,26.320286017576187,311152159656,warm_disk_state
1674991335.229,2023-01-29 11:22:15.229,0,1.45,8.000000001629815,0,26.298582145210748,311152468020,warm_disk_state
1674991335.759,2023-01-29 11:22:15.759,0,1.633,8.000000001629815,0,26.298582145210748,311152729804,warm_disk_state
1674991336.295,2023-01-29 11:22:16.295,0,2.078,9.249999999883585,0,26.30627715450395,311152992484,warm_disk_state
1674991336.826,2023-01-29 11:22:16.826,0,1.607,9.249999999883585,0,26.30627715450395,311153266843,warm_disk_state
1674991337.353,2023-01-29 11:22:17.353,0,2.005,12.249999996856786,0,26.305487922781566,311153520454,warm_disk_state
1674991337.882,2023-01-29 11:22:17.882,0,1.481,12.249999996856786,0,26.305487922781566,311153785390,warm_disk_state
1674991338.412,2023-01-29 11:22:18.412,0,1.56,7.500000004074536,0,26.30627715450395,311154068560,warm_disk_state
1674991338.94,2023-01-29 11:22:18.940,0,2.245,7.500000004074536,0,26.30627715450395,311154323876,warm_disk_state
1674991339.477,2023-01-29 11:22:19.477,0,1.544,12.749999997322448,0,26.304698691059187,311154600998,warm_disk_state
1674991340.005,2023-01-29 11:22:20.005,0,1.958,12.749999997322448,0,26.304698691059187,311154881768,warm_disk_state
1674991340.535,2023-01-29 11:22:20.535,0,1.691,16.750000001047738,0,26.32502140791047,311155112724,warm_disk_state
1674991341.067,2023-01-29 11:22:21.067,0,1.513,16.750000001047738,0,26.32502140791047,311155453647,warm_disk_state
1674991341.606,2023-01-29 11:22:21.606,0,1.565,13.74999999825377,0,26.311999084491198,311155843106,warm_disk_state
1674991342.143,2023-01-29 11:22:22.143,0,1.45,13.74999999825377,0,26.311999084491198,311156221542,warm_disk_state
1674991342.69,2023-01-29 11:22:22.690,0,1.487,8.250000004773028,0,26.311999084491198,311156537919,warm_disk_state
1674991343.219,2023-01-29 11:22:23.219,0,2.146,12.749999997322448,0,26.31002600518525,311156825938,warm_disk_state
1674991343.753,2023-01-29 11:22:23.753,0,1.481,12.749999997322448,0,26.31002600518525,311157090515,warm_disk_state
1674991344.299,2023-01-29 11:22:24.299,0,2.104,11.249999998835847,0,26.348698359581864,311157349842,warm_disk_state
1674991344.837,2023-01-29 11:22:24.837,0,1.596,11.249999998835847,0,26.348698359581864,311157621897,warm_disk_state
1674991345.366,2023-01-29 11:22:25.366,0,2.177,7.500000001164153,0,26.327191795147016,311157887588,warm_disk_state
1674991345.896,2023-01-29 11:22:25.896,0,1.738,7.500000001164153,0,26.327191795147016,311158149141,warm_disk_state
1674991346.427,2023-01-29 11:22:26.427,0,1.633,12.24999999976717,0,26.322851020673927,311158394150,warm_disk_state
1674991346.969,2023-01-29 11:22:26.969,0,1.539,12.24999999976717,0,26.322851020673927,311158665097,warm_disk_state
1674991347.498,2023-01-29 11:22:27.498,0,1.502,12.5,0,26.30903946553228,311158981010,warm_disk_state
1674991348.03,2023-01-29 11:22:28.030,0,1.513,12.5,0,26.30903946553228,311159283840,warm_disk_state
1674991348.562,2023-01-29 11:22:28.562,0,1.67,11.999999999534339,0,26.328967566522373,311159551737,warm_disk_state
1674991349.091,2023-01-29 11:22:29.091,0,1.487,11.999999999534339,0,26.328967566522373,311159823711,warm_disk_state
1674991349.627,2023-01-29 11:22:29.627,0,1.45,14.250000001629815,0,26.326599871355228,311160081433,warm_disk_state
1674991350.16,2023-01-29 11:22:30.160,0,1.513,14.250000001629815,0,26.326599871355228,311160381763,warm_disk_state
1674991350.69,2023-01-29 11:22:30.690,0,2.151,7.9999999987194315,0,26.3159452431031,311160621848,warm_disk_state
1674991351.219,2023-01-29 11:22:31.219,0,2.093,10.00000000349246,0,26.28930867247278,311160992414,warm_disk_state
1674991351.751,2023-01-29 11:22:31.751,0,1.654,10.00000000349246,0,26.28930867247278,311161339606,warm_disk_state
1674991352.283,2023-01-29 11:22:32.283,0,2.0,9.249999996973202,0,26.30134445623907,311161667756,warm_disk_state
1674991352.816,2023-01-29 11:22:32.816,0,1.638,9.249999996973202,0,26.30134445623907,311161942146,warm_disk_state
1674991353.347,2023-01-29 11:22:33.347,0,2.512,9.500000000116415,0,26.30233099589205,311162222013,warm_disk_state
1674991353.876,2023-01-29 11:22:33.876,0,1.555,9.500000000116415,0,26.30233099589205,311162502249,warm_disk_state
1674991354.405,2023-01-29 11:22:34.405,0,1.738,10.999999998603016,0,26.297003681765986,311162759516,warm_disk_state
1674991354.948,2023-01-29 11:22:34.948,0,1.476,10.999999998603016,0,26.297003681765986,311163038262,warm_disk_state
1674991355.495,2023-01-29 11:22:35.495,0,1.534,13.49999999802094,0,26.30075253244729,311163326776,warm_disk_state
1674991356.025,2023-01-29 11:22:36.025,0,1.445,13.49999999802094,0,26.30075253244729,311163585274,warm_disk_state
1674991356.554,2023-01-29 11:22:36.554,0,1.471,9.00000000547152,0,26.301541764169666,311163837481,warm_disk_state
1674991357.085,2023-01-29 11:22:37.085,0,1.502,9.00000000547152,0,26.301541764169666,311164127899,warm_disk_state
1674991357.626,2023-01-29 11:22:37.626,0,1.461,7.49999999825377,0,26.281613663179577,311164384033,warm_disk_state
1674991358.155,2023-01-29 11:22:38.155,0,1.502,7.49999999825377,0,26.295030602460034,311164689977,warm_disk_state
1674991358.693,2023-01-29 11:22:38.693,0,1.544,9.750000000349246,0,26.295030602460034,311164923192,warm_disk_state
1674991359.223,2023-01-29 11:22:39.223,0,2.402,8.249999998952262,0,26.293452139015276,311165226693,warm_disk_state
1674991359.752,2023-01-29 11:22:39.752,0,1.466,8.249999998952262,0,26.293452139015276,311165480174,warm_disk_state
1674991360.284,2023-01-29 11:22:40.284,0,1.591,8.250000001862645,0,26.295622526251822,311165760048,warm_disk_state
1674991360.83,2023-01-29 11:22:40.830,0,1.659,8.250000001862645,0,26.295622526251822,311166005725,warm_disk_state
1674991361.369,2023-01-29 11:22:41.369,0,2.36,14.250000001629815,0,26.306474462434544,311166473502,warm_disk_state
1674991361.896,2023-01-29 11:22:41.896,0,1.513,14.250000001629815,0,26.306474462434544,311166759487,warm_disk_state
1674991362.425,2023-01-29 11:22:42.425,0,1.712,11.999999999534339,0,26.326402563424633,311167159909,warm_disk_state
1674991362.96,2023-01-29 11:22:42.960,0,1.55,11.999999999534339,0,26.326402563424633,311167441644,warm_disk_state
1674991363.494,2023-01-29 11:22:43.494,0,1.539,10.250000000814907,0,26.30568523071216,311167713461,warm_disk_state
1674991364.029,2023-01-29 11:22:44.029,0,1.686,10.250000000814907,0,26.30568523071216,311168093368,warm_disk_state
1674991364.559,2023-01-29 11:22:44.559,0,1.466,6.999999997788109,0,26.312985624144176,311168350608,warm_disk_state
1674991365.093,2023-01-29 11:22:45.093,0,1.518,6.999999997788109,0,26.312985624144176,311168665712,warm_disk_state
1674991365.622,2023-01-29 11:22:45.622,0,1.492,8.249999998952262,0,26.305290614850975,311168926497,warm_disk_state
1674991366.155,2023-01-29 11:22:46.155,0,1.769,8.249999998952262,0,26.305290614850975,311169200555,warm_disk_state
1674991366.724,2023-01-29 11:22:46.724,0,1.455,7.49999999825377,0,26.307658310018113,311169446018,warm_disk_state
1674991367.26,2023-01-29 11:22:47.260,0,1.853,8.750000002328306,0,26.311407160699417,311169709024,warm_disk_state
1674991367.79,2023-01-29 11:22:47.790,0,1.455,8.750000002328306,0,26.311407160699417,311169995332,warm_disk_state
1674991368.321,2023-01-29 11:22:48.321,0,2.36,7.500000001164153,0,26.313774855866555,311170300705,warm_disk_state
1674991368.857,2023-01-29 11:22:48.857,0,1.628,7.500000001164153,0,26.313774855866555,311170566288,warm_disk_state
1674991369.389,2023-01-29 11:22:49.389,0,1.874,11.999999996623956,0,26.306079846573354,311170839383,warm_disk_state
1674991369.916,2023-01-29 11:22:49.916,0,1.539,11.999999996623956,0,26.306079846573354,311171111339,warm_disk_state
1674991370.451,2023-01-29 11:22:50.451,0,1.617,16.75000000395812,0,26.307263694156923,311171367870,warm_disk_state
1674991370.985,2023-01-29 11:22:50.985,0,1.466,16.75000000395812,0,26.307263694156923,311171629633,warm_disk_state
1674991371.515,2023-01-29 11:22:51.515,0,1.487,11.249999995925464,0,26.28654636144445,311172088525,warm_disk_state
1674991372.054,2023-01-29 11:22:52.054,0,1.518,11.249999995925464,0,26.28654636144445,311172421885,warm_disk_state
1674991372.585,2023-01-29 11:22:52.585,0,1.471,10.500000003958121,0,26.28713828523624,311172770449,warm_disk_state
1674991373.116,2023-01-29 11:22:53.116,0,1.592,10.500000003958121,0,26.28713828523624,311173050842,warm_disk_state
1674991373.651,2023-01-29 11:22:53.651,0,1.45,6.249999997089617,0,26.28200827904077,311173334315,warm_disk_state
1674991374.182,2023-01-29 11:22:54.182,0,2.203,5.999999999767169,0,26.253201321173904,311173594965,warm_disk_state
1674991374.712,2023-01-29 11:22:54.712,0,1.455,5.999999999767169,0,26.253201321173904,311173882609,warm_disk_state
1674991375.242,2023-01-29 11:22:55.242,0,1.513,5.999999999767169,0,26.253398629104495,311174165166,warm_disk_state
1674991375.781,2023-01-29 11:22:55.781,0,1.502,5.999999999767169,0,26.253398629104495,311174422364,warm_disk_state
1674991376.317,2023-01-29 11:22:56.317,0,2.527,9.250000002793968,0,26.28319212662434,311174696684,warm_disk_state
1674991376.859,2023-01-29 11:22:56.859,0,1.691,9.250000002793968,0,26.28319212662434,311174955648,warm_disk_state
1674991377.391,2023-01-29 11:22:57.391,0,1.638,11.0000000015134,0,26.320088709645596,311175258532,warm_disk_state
1674991377.919,2023-01-29 11:22:57.919,0,1.523,11.0000000015134,0,26.320088709645596,311175662228,warm_disk_state
1674991378.46,2023-01-29 11:22:58.460,0,1.586,8.249999998952262,0,26.30627715450395,311175948993,warm_disk_state
1674991378.992,2023-01-29 11:22:58.992,0,1.471,8.249999998952262,0,26.30627715450395,311176229064,warm_disk_state
1674991379.529,2023-01-29 11:22:59.529,0,1.497,11.249999998835847,0,26.307855617948704,311176487533,warm_disk_state
1674991380.059,2023-01-29 11:23:00.059,0,1.502,11.249999998835847,0,26.307855617948704,311176783751,warm_disk_state
1674991380.587,2023-01-29 11:23:00.587,0,1.482,7.49999999825377,0,26.313182932074774,311177029396,warm_disk_state
1674991381.132,2023-01-29 11:23:01.132,0,1.471,7.49999999825377,0,26.313182932074774,311177320302,warm_disk_state
1674991381.66,2023-01-29 11:23:01.660,0,1.44,10.250000000814907,0,26.320088709645596,311177700107,warm_disk_state
1674991382.198,2023-01-29 11:23:02.198,0,1.932,7.750000001396984,0,26.30706638622633,311178026770,warm_disk_state
1674991382.728,2023-01-29 11:23:02.728,0,1.612,7.750000001396984,0,26.30706638622633,311178315760,warm_disk_state
1674991383.26,2023-01-29 11:23:03.260,0,1.502,11.499999999068677,0,26.321272557229165,311178576412,warm_disk_state
1674991383.793,2023-01-29 11:23:03.793,0,1.492,11.499999999068677,0,26.321272557229165,311178856205,warm_disk_state
1674991384.322,2023-01-29 11:23:04.322,0,2.355,10.00000000349246,0,26.234851683628573,311179108096,warm_disk_state
1674991384.856,2023-01-29 11:23:04.856,0,1.633,10.00000000349246,0,26.234851683628573,311179385841,warm_disk_state
1674991385.393,2023-01-29 11:23:05.393,0,1.853,11.249999995925464,0,26.29996330072491,311179675361,warm_disk_state
1674991385.923,2023-01-29 11:23:05.923,0,1.534,11.249999995925464,0,26.29996330072491,311179950469,warm_disk_state
1674991386.453,2023-01-29 11:23:06.453,0,1.487,11.249999998835847,0,26.289111364542183,311180219729,warm_disk_state
1674991386.987,2023-01-29 11:23:06.987,0,1.487,11.249999998835847,0,26.289111364542183,311180494600,warm_disk_state
1674991387.516,2023-01-29 11:23:07.516,0,1.518,7.750000001396984,0,26.29680637383539,311180723050,warm_disk_state
1674991388.048,2023-01-29 11:23:08.048,0,1.44,7.750000001396984,0,26.29680637383539,311181046583,warm_disk_state
1674991388.578,2023-01-29 11:23:08.578,0,1.466,5.249999999068677,0,26.282994818693744,311181323583,warm_disk_state
1674991389.106,2023-01-29 11:23:09.106,0,1.555,5.249999999068677,0,26.282994818693744,311181617625,warm_disk_state
1674991389.637,2023-01-29 11:23:09.637,0,1.461,9.750000000349246,0,26.29029521212576,311181885075,warm_disk_state
1674991390.176,2023-01-29 11:23:10.176,0,1.492,9.750000000349246,0,26.28260020283255,311182127235,warm_disk_state
1674991390.711,2023-01-29 11:23:10.711,0,1.654,9.249999999883585,0,26.28260020283255,311182396883,warm_disk_state
1674991391.251,2023-01-29 11:23:11.251,0,2.381,13.250000000698492,0,26.284967897999696,311182724971,warm_disk_state
1674991391.782,2023-01-29 11:23:11.782,0,1.487,13.250000000698492,0,26.284967897999696,311183106207,warm_disk_state
1674991392.344,2023-01-29 11:23:12.344,0,2.245,10.749999998370185,0,26.307855617948704,311183516071,warm_disk_to_warm_cpu_process
1674991392.716,2023-01-29 11:23:12.716,0,1.487,10.749999998370185,0,26.307855617948704,311183711702,warm_disk_to_warm_cpu_process
1674991393.058,2023-01-29 11:23:13.058,0,1.466,10.749999998370185,0,26.307855617948704,311183891524,warm_disk_to_warm_cpu_process
1674991393.4,2023-01-29 11:23:13.400,0,1.906,11.25000000174623,0,26.30252830382264,311184054312,warm_disk_to_warm_cpu_process
1674991394.728,2023-01-29 11:23:14.728,0,1.45,9.249999999883585,0,26.300949840377886,311184352355,warm_disk_to_warm_cpu_process
1674991398.2,2023-01-29 11:23:18.200,0,1.455,5.999999999767169,0,26.288322132819808,311184948927,warm_disk_to_warm_cpu_process
1674991398.712,2023-01-29 11:23:18.712,0,1.727,5.999999999767169,0,26.288322132819808,311185748422,warm_disk_to_warm_cpu_process
1674991399.144,2023-01-29 11:23:19.144,1,1.675,5.999999999767169,0,26.288322132819808,311189460273,warm_disk_to_warm_cpu_process
1674991399.634,2023-01-29 11:23:19.634,1,3.413,19.500000000698492,0,26.293057523154083,311191058829,warm_disk_to_warm_cpu_process
1674991400.041,2023-01-29 11:23:20.041,1,2.762,19.500000000698492,0,26.293057523154083,311191800017,warm_disk_to_warm_cpu_process
1674991400.427,2023-01-29 11:23:20.427,1,2.752,46.50000000256114,0,26.696749549151377,311192611851,warm_disk_to_warm_cpu_process
1674991400.812,2023-01-29 11:23:20.812,1,2.636,46.50000000256114,0,26.696749549151377,311193410335,warm_disk_to_warm_cpu_process
1674991401.213,2023-01-29 11:23:21.213,1,2.689,33.24999999895226,0,26.77981618793186,311194157220,warm_disk_to_warm_cpu_process
1674991401.598,2023-01-29 11:23:21.598,1,2.459,33.24999999895226,0,26.77981618793186,311195074824,warm_disk_to_warm_cpu_process
1674991401.981,2023-01-29 11:23:21.981,1,2.407,33.24999999895226,0,26.77981618793186,311195900862,warm_disk_to_warm_cpu_process
1674991402.378,2023-01-29 11:23:22.378,1,2.908,34.49999999720603,0,26.761466550386526,311196710006,warm_disk_to_warm_cpu_process
1674991402.763,2023-01-29 11:23:22.763,1,2.517,34.49999999720603,0,26.761466550386526,311197585706,warm_disk_to_warm_cpu_process
1674991403.144,2023-01-29 11:23:23.144,1,2.449,34.49999999720603,0,26.761466550386526,311198420379,warm_disk_to_warm_cpu_process
1674991403.521,2023-01-29 11:23:23.521,1,2.465,34.750000000349246,0,26.783170422751972,311199254110,warm_disk_to_warm_cpu_process
1674991403.902,2023-01-29 11:23:23.902,1,2.47,34.750000000349246,0,26.783170422751972,311200074426,warm_disk_to_warm_cpu_process
1674991404.283,2023-01-29 11:23:24.283,1,2.84,30.00000000174623,0,26.780013495862455,311200935323,warm_disk_to_warm_cpu_process
1674991404.672,2023-01-29 11:23:24.672,1,2.486,30.00000000174623,0,26.780013495862455,311201778342,warm_disk_to_warm_cpu_process
1674991405.06,2023-01-29 11:23:25.060,1,2.475,30.00000000174623,0,26.780013495862455,311202500197,warm_disk_to_warm_cpu_process
1674991405.459,2023-01-29 11:23:25.459,1,2.506,37.5,0,26.80290121581147,311203368643,warm_disk_to_warm_cpu_process
1674991405.856,2023-01-29 11:23:25.856,1,2.491,37.5,0,26.80290121581147,311204236340,warm_disk_to_warm_cpu_process
1674991406.248,2023-01-29 11:23:26.248,1,5.039,37.5,0,26.80290121581147,311205038446,warm_disk_to_warm_cpu_process
1674991406.634,2023-01-29 11:23:26.634,1,3.381,41.75000000104774,0,27.036513805635902,311205794713,warm_disk_to_warm_cpu_process
1674991407.019,2023-01-29 11:23:27.019,1,3.022,41.75000000104774,0,27.036513805635902,311206645775,warm_disk_to_warm_cpu_process
1674991407.395,2023-01-29 11:23:27.395,1,2.647,51.24999999825377,0,27.77069661537976,311207485192,warm_disk_to_warm_cpu_process
1674991407.833,2023-01-29 11:23:27.833,1,3.329,51.24999999825377,0,27.77069661537976,311208639525,warm_disk_to_warm_cpu_process
1674991408.251,2023-01-29 11:23:28.251,1,3.334,33.250000001862645,0,28.76256358248063,311209611695,warm_disk_to_warm_cpu_process
1674991408.666,2023-01-29 11:23:28.666,1,3.064,33.250000001862645,0,28.76256358248063,311210514613,warm_disk_to_warm_cpu_process
1674991409.104,2023-01-29 11:23:29.104,1,2.569,33.250000001862645,0,28.76256358248063,311211478676,warm_disk_to_warm_cpu_process
1674991409.533,2023-01-29 11:23:29.533,1,3.028,30.249999996158294,0,30.109782132583035,311212453127,warm_disk_to_warm_cpu_process
1674991409.946,2023-01-29 11:23:29.946,1,3.002,30.249999996158294,0,30.109782132583035,311213402569,warm_disk_to_warm_cpu_process
1674991410.376,2023-01-29 11:23:30.376,1,3.262,32.500000004074536,0,32.36994447754833,311214287898,warm_disk_to_warm_cpu_process
1674991410.818,2023-01-29 11:23:30.818,1,3.163,32.500000004074536,0,32.36994447754833,311215296951,warm_disk_to_warm_cpu_process
1674991411.331,2023-01-29 11:23:31.331,1,3.074,34.74999999743886,0,37.10198057700731,311216199586,warm_disk_to_warm_cpu_process
1674991411.789,2023-01-29 11:23:31.789,1,3.62,34.74999999743886,0,37.10198057700731,311217184522,warm_disk_to_warm_cpu_process
1674991412.217,2023-01-29 11:23:32.217,1,3.828,38.75000000116415,0,43.88720300223747,311218182202,warm_disk_to_warm_cpu_process
1674991412.634,2023-01-29 11:23:32.634,1,3.163,38.75000000116415,0,43.88720300223747,311219124630,warm_disk_to_warm_cpu_process
1674991413.108,2023-01-29 11:23:33.108,1,3.625,38.75000000116415,0,43.88720300223747,311219879283,warm_disk_to_warm_cpu_process
1674991413.531,2023-01-29 11:23:33.531,1,3.147,41.749999998137355,16,47.43499690226549,311220876859,warm_disk_to_warm_cpu_process
1674991413.942,2023-01-29 11:23:33.942,1,3.371,41.749999998137355,16,47.43499690226549,311221823748,warm_disk_to_warm_cpu_process
1674991414.398,2023-01-29 11:23:34.398,1,3.62,37.25000000267755,16,53.34910481391889,311222702070,warm_disk_to_warm_cpu_process
1674991414.818,2023-01-29 11:23:34.818,1,3.761,37.25000000267755,16,53.34910481391889,311223660420,warm_disk_to_warm_cpu_process
1674991415.232,2023-01-29 11:23:35.232,1,3.988,44.99999999825377,0,61.35724179297662,311224596291,warm_disk_to_warm_cpu_process
1674991415.656,2023-01-29 11:23:35.656,1,3.792,44.99999999825377,0,61.35724179297662,311225529147,warm_disk_to_warm_cpu_process
1674991416.116,2023-01-29 11:23:36.116,1,3.282,44.99999999825377,0,61.35724179297662,311226539005,warm_disk_to_warm_cpu_process
1674991416.552,2023-01-29 11:23:36.552,1,3.849,44.50000000069849,0,68.58699898583723,311227471262,warm_disk_to_warm_cpu_process
1674991417.027,2023-01-29 11:23:37.027,1,3.589,44.50000000069849,0,68.58699898583723,311228506252,warm_disk_to_warm_cpu_process
1674991417.447,2023-01-29 11:23:37.447,1,3.787,46.24999999941792,55,74.6824328857074,311229452062,warm_disk_to_warm_cpu_process
1674991417.873,2023-01-29 11:23:37.873,1,2.741,46.24999999941792,55,74.6824328857074,311230412485,warm_disk_to_warm_cpu_process
1674991418.321,2023-01-29 11:23:38.321,1,3.35,69.25000000046566,55,77.13299738369685,311231423043,warm_disk_to_warm_cpu_process
1674991418.758,2023-01-29 11:23:38.758,1,1.67,69.25000000046566,55,77.13299738369685,311232448003,warm_disk_to_warm_cpu_process
1674991419.169,2023-01-29 11:23:39.169,1,1.853,14.500000001862645,0,75.68751948415814,311233390666,warm_disk_to_warm_cpu_process
1674991419.817,2023-01-29 11:23:39.817,1,1.644,14.500000001862645,0,75.68751948415814,311235871321,warm_cpu_state
1674991420.522,2023-01-29 11:23:40.522,1,1.544,20.749999998952262,0,75.73664915887629,311239155249,warm_cpu_state
1674991421.075,2023-01-29 11:23:41.075,1,1.571,20.749999998952262,0,75.73664915887629,311240061168,warm_cpu_state
1674991421.626,2023-01-29 11:23:41.626,1,1.55,11.749999999301508,0,75.7518418695321,311242048444,warm_cpu_state
1674991422.175,2023-01-29 11:23:42.175,1,1.529,11.999999999534339,0,75.7555907202134,311243259014,warm_cpu_state
1674991422.727,2023-01-29 11:23:42.727,1,1.508,11.999999999534339,0,75.7555907202134,311244374169,warm_cpu_state
1674991423.282,2023-01-29 11:23:43.282,1,2.24,13.49999999802094,0,75.77926767188481,311245484898,warm_cpu_state
1674991423.838,2023-01-29 11:23:43.838,1,1.571,13.49999999802094,0,75.77926767188481,311246577783,warm_cpu_state
1674991424.39,2023-01-29 11:23:44.390,1,2.198,14.999999999417923,0,75.77255920224457,311247550925,warm_cpu_state
1674991424.946,2023-01-29 11:23:44.946,1,1.607,14.999999999417923,0,75.77255920224457,311248650575,warm_cpu_state
1674991425.498,2023-01-29 11:23:45.498,1,1.455,9.250000002793968,0,75.77808382430123,311249765056,warm_cpu_state
1674991426.048,2023-01-29 11:23:46.048,1,1.481,9.250000002793968,0,75.77808382430123,311250877487,warm_cpu_state
1674991426.609,2023-01-29 11:23:46.609,1,1.476,6.749999997555278,0,75.76585073260435,311251888878,warm_cpu_state
1674991427.176,2023-01-29 11:23:47.176,1,1.974,9.250000002793968,0,75.76190457399244,311253074134,warm_cpu_state
1674991427.725,2023-01-29 11:23:47.725,1,1.738,9.250000002793968,0,75.76190457399244,311254179508,warm_cpu_state
1674991428.277,2023-01-29 11:23:48.277,1,2.297,8.499999999185093,0,75.74296301265532,311255328786,warm_cpu_state
1674991428.833,2023-01-29 11:23:48.833,1,1.617,8.499999999185093,0,75.74296301265532,311256488707,warm_cpu_state
1674991429.384,2023-01-29 11:23:49.384,1,1.712,10.000000000582077,0,75.75322302504627,311257605299,warm_cpu_state
1674991429.933,2023-01-29 11:23:49.933,1,1.529,10.000000000582077,0,75.75322302504627,311258620367,warm_cpu_state
1674991430.488,2023-01-29 11:23:50.488,1,1.534,14.500000001862645,0,75.78992230013694,311259652305,warm_cpu_state
1674991431.042,2023-01-29 11:23:51.042,1,1.492,14.500000001862645,0,75.78992230013694,311260767431,warm_cpu_state
1674991431.61,2023-01-29 11:23:51.610,1,1.471,14.499999996041879,0,75.80550962665393,311261935730,warm_cpu_state
1674991432.178,2023-01-29 11:23:52.178,1,1.461,14.499999996041879,0,75.8185319500732,311263118225,warm_cpu_state
1674991432.734,2023-01-29 11:23:52.734,1,1.44,7.500000004074536,0,75.8185319500732,311264117538,warm_cpu_state
1674991433.281,2023-01-29 11:23:53.281,1,2.344,8.249999996041879,0,75.80472039493156,311265110981,warm_cpu_state
1674991433.891,2023-01-29 11:23:53.891,1,1.492,8.249999996041879,0,75.80472039493156,311266279729,warm_cpu_state
1674991434.438,2023-01-29 11:23:54.438,1,1.817,7.500000001164153,0,75.8185319500732,311267402403,warm_cpu_state
1674991434.987,2023-01-29 11:23:54.987,1,1.487,7.500000001164153,0,75.8185319500732,311268526938,warm_cpu_state
1674991435.539,2023-01-29 11:23:55.539,1,1.565,10.750000001280569,0,75.78577883359443,311269588885,warm_cpu_state
1674991436.112,2023-01-29 11:23:56.112,1,1.487,10.750000001280569,0,75.78577883359443,311270750210,warm_cpu_state
1674991436.665,2023-01-29 11:23:56.665,1,1.487,10.500000001047738,0,75.80768001389048,311271814428,warm_cpu_state
1674991437.247,2023-01-29 11:23:57.247,1,2.229,13.000000000465661,0,75.82524041971342,311272962904,warm_cpu_state
1674991437.805,2023-01-29 11:23:57.805,1,1.513,13.000000000465661,0,75.82524041971342,311274101715,warm_cpu_state
1674991438.357,2023-01-29 11:23:58.357,1,2.209,12.499999997089617,0,75.82820003867235,311275163978,warm_cpu_state
1674991438.907,2023-01-29 11:23:58.907,1,1.56,12.499999997089617,0,75.82820003867235,311276188673,warm_cpu_state
1674991439.458,2023-01-29 11:23:59.458,1,1.733,12.249999996856786,0,75.82425388006045,311277279340,warm_cpu_state
1674991440.021,2023-01-29 11:24:00.021,1,1.481,12.249999996856786,0,75.82425388006045,311278452041,warm_cpu_state
1674991440.577,2023-01-29 11:24:00.577,1,1.487,15.00000000523869,0,75.81715079455904,311279535796,warm_cpu_state
1674991441.131,2023-01-29 11:24:01.131,1,1.455,15.00000000523869,0,75.81715079455904,311280480937,warm_cpu_state
1674991441.681,2023-01-29 11:24:01.681,1,1.476,11.499999999068677,0,75.82366195626868,311281579280,warm_cpu_state
1674991442.236,2023-01-29 11:24:02.236,1,1.706,9.249999996973202,0,75.83490850831258,311282710853,warm_cpu_state
1674991442.786,2023-01-29 11:24:02.786,1,1.455,9.249999996973202,0,75.83490850831258,311283847160,warm_cpu_state
1674991443.352,2023-01-29 11:24:03.352,1,2.229,9.000000002561137,0,75.82721349901938,311284907312,warm_cpu_state
1674991443.913,2023-01-29 11:24:03.913,1,1.492,9.000000002561137,0,75.82721349901938,311286058446,warm_cpu_state
1674991444.465,2023-01-29 11:24:04.465,1,1.617,14.250000001629815,0,75.8495092951766,311287141526,warm_cpu_state
1674991445.016,2023-01-29 11:24:05.016,1,1.581,14.250000001629815,0,75.8495092951766,311288256033,warm_cpu_state
1674991445.57,2023-01-29 11:24:05.570,1,1.827,13.49999999802094,0,75.74631724747545,311289345286,warm_cpu_state
1674991446.119,2023-01-29 11:24:06.119,1,1.612,13.49999999802094,0,75.74631724747545,311290436159,warm_cpu_state
1674991446.668,2023-01-29 11:24:06.668,1,1.497,10.249999997904524,0,75.8149804073225,311291543871,warm_cpu_state
1674991447.222,2023-01-29 11:24:07.222,1,1.539,12.250000002677552,0,75.81419117560012,311292587697,warm_cpu_state
1674991447.785,2023-01-29 11:24:07.785,1,1.455,12.250000002677552,0,75.81419117560012,311293646302,warm_cpu_state
1674991448.345,2023-01-29 11:24:08.345,1,1.565,10.500000001047738,0,75.81004770905761,311294809136,warm_cpu_state
1674991448.893,2023-01-29 11:24:08.893,1,1.555,10.500000001047738,0,75.81004770905761,311295936839,warm_cpu_state
1674991449.444,2023-01-29 11:24:09.444,1,1.947,9.499999997206032,0,75.80511501079275,311297006796,warm_cpu_state
1674991449.992,2023-01-29 11:24:09.992,1,1.476,9.499999997206032,0,75.80511501079275,311298119636,warm_cpu_state
1674991450.544,2023-01-29 11:24:10.544,1,1.476,12.250000002677552,0,75.80629885837631,311299098723,warm_cpu_state
1674991451.099,2023-01-29 11:24:11.099,1,1.55,12.250000002677552,0,75.80629885837631,311300060139,warm_cpu_state
1674991451.662,2023-01-29 11:24:11.662,1,1.497,14.750000002095476,0,75.83609235589616,311301295020,warm_cpu_state
1674991452.224,2023-01-29 11:24:12.224,1,2.256,13.49999999802094,0,75.83767081934091,311302460627,warm_cpu_state
1674991452.789,2023-01-29 11:24:12.789,1,1.638,13.49999999802094,0,75.83767081934091,311303645912,warm_cpu_state
1674991453.342,2023-01-29 11:24:13.342,1,1.911,13.249999997788109,0,75.8426035176058,311304729042,warm_cpu_state
1674991453.902,2023-01-29 11:24:13.902,1,1.633,13.249999997788109,0,75.8426035176058,311305810858,warm_cpu_state
1674991454.452,2023-01-29 11:24:14.452,1,1.481,9.000000002561137,0,75.8426035176058,311306937088,warm_cpu_state
1674991455.008,2023-01-29 11:24:15.008,1,1.461,9.000000002561137,0,75.8426035176058,311308057792,warm_cpu_state
1674991455.569,2023-01-29 11:24:15.569,1,1.476,7.9999999987194315,0,75.73053261302785,311309173405,warm_cpu_state
1674991456.124,2023-01-29 11:24:16.124,1,1.482,7.9999999987194315,0,75.73053261302785,311310237894,warm_cpu_state
1674991456.684,2023-01-29 11:24:16.684,1,1.476,10.250000000814907,0,75.80097154425025,311311300828,warm_cpu_state
1674991457.233,2023-01-29 11:24:17.233,1,1.738,9.750000000349246,0,75.79781461736073,311312440589,warm_cpu_state
1674991457.783,2023-01-29 11:24:17.783,1,1.806,9.750000000349246,0,75.79781461736073,311313528481,warm_cpu_state
1674991458.353,2023-01-29 11:24:18.353,1,2.402,13.750000001164153,0,75.86746431686076,311314668355,warm_cpu_state
1674991458.908,2023-01-29 11:24:18.908,1,1.638,13.750000001164153,0,75.86746431686076,311315688619,warm_cpu_state
1674991459.471,2023-01-29 11:24:19.471,1,1.733,11.999999999534339,0,75.86292623445708,311316820450,warm_cpu_state
1674991460.021,2023-01-29 11:24:20.021,1,1.529,11.999999999534339,0,75.86292623445708,311317937518,warm_cpu_state
1674991460.568,2023-01-29 11:24:20.568,1,1.513,14.250000001629815,0,75.87851356097407,311319016782,warm_cpu_state
1674991461.121,2023-01-29 11:24:21.121,1,1.513,14.250000001629815,0,75.87851356097407,311320032612,warm_cpu_state
1674991461.69,2023-01-29 11:24:21.690,1,1.482,12.249999996856786,0,75.85858545998397,311321164428,warm_cpu_state
1674991462.253,2023-01-29 11:24:22.253,1,2.297,8.749999999417923,0,75.86016392342873,311322447278,warm_cpu_state
1674991462.821,2023-01-29 11:24:22.821,1,1.67,8.749999999417923,0,75.86016392342873,311323329907,warm_cpu_state
1674991463.377,2023-01-29 11:24:23.377,1,1.518,9.500000003026798,0,75.85463930137209,311324440743,warm_cpu_state
1674991463.927,2023-01-29 11:24:23.927,1,1.56,9.500000003026798,0,75.85463930137209,311325550107,warm_cpu_state
1674991464.478,2023-01-29 11:24:24.478,1,1.482,6.999999997788109,0,75.85187699034375,311326626627,warm_cpu_state
1674991465.037,2023-01-29 11:24:25.037,1,1.513,6.999999997788109,0,75.85187699034375,311327649250,warm_cpu_state
1674991465.591,2023-01-29 11:24:25.591,1,1.523,9.999999997671694,0,75.85207429827435,311328711421,warm_cpu_state
1674991466.15,2023-01-29 11:24:26.150,1,1.492,9.999999997671694,0,75.85207429827435,311329875865,warm_cpu_state
1674991466.702,2023-01-29 11:24:26.702,1,1.466,12.250000002677552,0,75.87851356097407,311330948474,warm_cpu_state
1674991467.259,2023-01-29 11:24:27.259,1,2.203,10.999999995692633,0,75.87614586580693,311332078413,warm_cpu_state
1674991467.821,2023-01-29 11:24:27.821,1,1.481,10.999999995692633,0,75.87614586580693,311333099946,warm_cpu_state
1674991468.374,2023-01-29 11:24:28.374,1,2.031,11.000000004423782,0,75.85858545998397,311334239063,warm_cpu_state
1674991468.925,2023-01-29 11:24:28.925,1,1.476,11.000000004423782,0,75.85858545998397,311335364281,warm_cpu_state
1674991469.48,2023-01-29 11:24:29.480,1,1.571,9.999999997671694,0,75.84378736518936,311336438373,warm_cpu_state
1674991470.036,2023-01-29 11:24:30.036,1,1.832,9.999999997671694,0,75.84378736518936,311337608538,warm_cpu_state
1674991470.596,2023-01-29 11:24:30.596,1,1.476,12.250000002677552,0,75.87062124375026,311338693204,warm_cpu_state
1674991471.159,2023-01-29 11:24:31.159,1,1.607,12.250000002677552,0,75.87062124375026,311339663940,warm_cpu_state
1674991471.711,2023-01-29 11:24:31.711,1,1.445,12.499999997089617,0,75.85602045688624,311340810211,warm_cpu_state
1674991472.27,2023-01-29 11:24:32.270,1,1.738,7.500000004074536,0,75.85720430446982,311341959466,warm_cpu_state
1674991472.84,2023-01-29 11:24:32.840,1,1.654,7.500000004074536,0,75.85720430446982,311343114237,warm_cpu_state
1674991473.399,2023-01-29 11:24:33.399,1,1.617,11.749999996391125,0,75.8495092951766,311344111707,warm_cpu_state
1674991473.952,2023-01-29 11:24:33.952,1,1.502,11.749999996391125,0,75.8495092951766,311345202753,warm_cpu_state
1674991474.508,2023-01-29 11:24:34.508,1,1.529,14.250000001629815,0,75.8579935361922,311346296617,warm_cpu_state
1674991475.067,2023-01-29 11:24:35.067,1,1.502,14.250000001629815,0,75.8579935361922,311347403610,warm_cpu_state
1674991475.618,2023-01-29 11:24:35.618,1,1.45,11.999999999534339,0,75.84418198105055,311348482998,warm_cpu_state
1674991476.172,2023-01-29 11:24:36.172,1,1.79,7.9999999987194315,0,75.85108775862138,311349598871,warm_cpu_state
1674991476.722,2023-01-29 11:24:36.722,1,1.44,7.9999999987194315,0,75.85108775862138,311350571347,warm_cpu_state
1674991477.272,2023-01-29 11:24:37.272,1,2.438,10.000000000582077,0,75.8495092951766,311351702598,warm_cpu_state
1674991477.826,2023-01-29 11:24:37.826,1,1.445,10.000000000582077,0,75.8495092951766,311352740580,warm_cpu_state
1674991478.377,2023-01-29 11:24:38.377,1,1.623,9.750000000349246,0,75.84654967621769,311353871015,warm_cpu_state
1674991478.941,2023-01-29 11:24:38.941,1,1.45,9.750000000349246,0,75.84654967621769,311354986684,warm_cpu_state
1674991479.497,2023-01-29 11:24:39.497,1,1.476,8.499999999185093,0,75.84891737138483,311356127470,warm_cpu_state
1674991480.047,2023-01-29 11:24:40.047,1,1.612,8.499999999185093,0,75.84891737138483,311357238044,warm_cpu_state
1674991480.601,2023-01-29 11:24:40.601,1,1.727,10.750000001280569,0,75.8426035176058,311358324987,warm_cpu_state
1674991481.152,2023-01-29 11:24:41.152,1,1.487,10.750000001280569,0,75.8426035176058,311359275865,warm_cpu_state
1674991481.706,2023-01-29 11:24:41.706,1,1.518,13.74999999825377,0,75.86706970099955,311360454664,warm_cpu_state
1674991482.289,2023-01-29 11:24:42.289,1,2.308,12.500000002910383,0,75.86095315515112,311361662726,warm_cpu_state
1674991482.875,2023-01-29 11:24:42.875,1,1.617,12.500000002910383,0,75.86095315515112,311362813658,warm_cpu_state
1674991483.426,2023-01-29 11:24:43.426,1,2.063,7.49999999825377,0,75.86016392342873,311364000227,warm_cpu_state
1674991483.974,2023-01-29 11:24:43.974,1,1.461,7.49999999825377,0,75.86016392342873,311365099180,warm_cpu_state
1674991484.576,2023-01-29 11:24:44.576,1,1.487,8.74999999650754,0,75.85286352999672,311366228248,warm_cpu_state
1674991485.13,2023-01-29 11:24:45.130,1,1.434,8.74999999650754,0,75.85286352999672,311367337553,warm_cpu_state
1674991485.683,2023-01-29 11:24:45.683,1,1.502,8.750000002328306,0,75.8613477710123,311368310424,warm_cpu_state
1674991486.242,2023-01-29 11:24:46.242,1,2.188,8.499999999185093,0,75.86411008204064,311369427156,warm_cpu_state
1674991516.867,2023-01-29 11:25:16.867,1,6.356,26.250000001164153,99,90.39781224966556,311427445202,active_state
1674991517.42,2023-01-29 11:25:17.420,1,5.411,37.25000000267755,18,90.05745606938925,311428483005,active_state
1674991517.969,2023-01-29 11:25:17.969,1,5.389,37.25000000267755,18,90.05745606938925,311429602128,active_state
1674991518.527,2023-01-29 11:25:18.527,1,5.338,20.749999998952262,18,90.07264878004506,311430667181,active_state
1674991519.092,2023-01-29 11:25:19.092,1,5.666,20.749999998952262,18,90.07264878004506,311431718442,active_state
1674991519.643,2023-01-29 11:25:19.643,1,5.353,23.999999999068677,31,90.06515107868246,311432832512,active_state
1674991520.197,2023-01-29 11:25:20.197,1,5.718,23.5000000015134,31,90.01779717533967,311433857053,active_state
1674991520.751,2023-01-29 11:25:20.751,1,5.674,23.5000000015134,31,90.01779717533967,311434914984,active_state
1674991521.303,2023-01-29 11:25:21.303,1,5.431,22.249999997438863,99,90.01858640706205,311435953740,active_state
1674991521.862,2023-01-29 11:25:21.862,1,5.529,22.249999997438863,99,90.01858640706205,311437198827,active_state
1674991522.451,2023-01-29 11:25:22.451,1,5.498,20.750000001862645,99,90.02667603221643,311438376785,active_state
1674991523.026,2023-01-29 11:25:23.026,1,5.355,20.750000001862645,99,90.02667603221643,311439605384,active_state
1674991523.575,2023-01-29 11:25:23.575,1,5.421,22.749999997904524,99,90.02588680049406,311440663763,active_state
1674991524.128,2023-01-29 11:25:24.128,1,5.43,22.749999997904524,99,90.02588680049406,311441785435,active_state
1674991524.689,2023-01-29 11:25:24.689,1,5.064,21.500000002561137,99,90.02154602602097,311442657746,active_state
1674991525.238,2023-01-29 11:25:25.238,1,5.411,21.749999999883585,99,90.0203621784374,311443725800,active_state
1674991525.787,2023-01-29 11:25:25.787,1,5.254,21.749999999883585,99,90.0203621784374,311444817047,active_state
1674991526.348,2023-01-29 11:25:26.348,1,5.17,31.499999997322448,99,89.7741218810549,311445836725,active_state
1674991526.908,2023-01-29 11:25:26.908,1,5.425,31.499999997322448,99,89.7741218810549,311446956976,active_state
1674991527.459,2023-01-29 11:25:27.459,1,5.385,22.500000000582077,56,90.07975186554648,311448058795,active_state
1674991528.013,2023-01-29 11:25:28.013,1,6.064,22.500000000582077,56,90.07975186554648,311449174259,active_state
1674991528.565,2023-01-29 11:25:28.565,1,6.147,40.000000002328306,56,89.79858806444867,311450255808,active_state
1674991529.122,2023-01-29 11:25:29.122,1,5.312,40.000000002328306,56,89.79858806444867,311451201904,active_state
1674991529.683,2023-01-29 11:25:29.683,1,5.337,37.99999999755528,0,89.72735990150387,311452286714,active_state
1674991530.249,2023-01-29 11:25:30.249,1,5.389,18.24999999953434,0,89.74136876457612,311453367530,active_state
1674991530.839,2023-01-29 11:25:30.839,1,5.483,18.24999999953434,0,89.74136876457612,311454472431,active_state
1674991531.395,2023-01-29 11:25:31.395,1,4.857,26.250000001164153,77,89.72124335565543,311455516556,active_state
1674991531.948,2023-01-29 11:25:31.948,1,4.972,26.250000001164153,77,89.72124335565543,311456649639,active_state
1674991532.501,2023-01-29 11:25:32.501,1,5.003,21.499999999650754,77,89.7340683711441,311457732169,active_state
1674991533.055,2023-01-29 11:25:33.055,1,5.343,21.499999999650754,77,89.7340683711441,311458838755,active_state
1674991533.622,2023-01-29 11:25:33.622,1,5.306,18.75,99,89.7968122930733,311459909680,active_state
1674991534.175,2023-01-29 11:25:34.175,1,5.09,19.00000000023283,99,89.80016652789342,311460973372,active_state
1674991534.725,2023-01-29 11:25:34.725,1,4.713,19.00000000023283,99,89.80016652789342,311462069100,active_state
1674991535.275,2023-01-29 11:25:35.275,1,5.882,20.750000001862645,81,89.80292883892174,311463114700,active_state
1674991535.829,2023-01-29 11:25:35.829,1,5.525,20.750000001862645,81,89.80292883892174,311464205046,active_state
1674991536.377,2023-01-29 11:25:36.377,1,5.767,20.749999998952262,81,89.81378077510448,311465293586,active_state
1674991536.934,2023-01-29 11:25:36.934,1,5.317,20.749999998952262,81,89.81378077510448,311466349703,active_state
1674991537.5,2023-01-29 11:25:37.500,1,4.823,19.750000000931323,99,90.11881883580428,311467507722,active_state
1674991538.051,2023-01-29 11:25:38.051,1,5.116,19.750000000931323,99,90.11881883580428,311468526556,active_state
1674991538.61,2023-01-29 11:25:38.610,1,5.338,29.999999998835847,99,89.73584414251945,311469629900,active_state
1674991539.166,2023-01-29 11:25:39.166,1,5.602,23.749999998835847,0,89.74926108179993,311470719979,active_state
1674991539.725,2023-01-29 11:25:39.725,1,5.254,23.749999998835847,0,89.74926108179993,311471825382,active_state
1674991540.273,2023-01-29 11:25:40.273,1,5.524,25.50000000046566,0,89.71946758428008,311472944232,active_state
1674991540.839,2023-01-29 11:25:40.839,1,5.076,25.50000000046566,0,89.71946758428008,311473940299,active_state
1674991541.405,2023-01-29 11:25:41.405,1,5.467,20.999999999185093,0,89.72420297461437,311475040163,active_state
1674991541.965,2023-01-29 11:25:41.965,1,5.1,20.999999999185093,0,89.72420297461437,311476199324,active_state
1674991542.518,2023-01-29 11:25:42.518,1,4.894,19.49999999778811,99,89.8009557596158,311477362737,active_state
1674991543.07,2023-01-29 11:25:43.070,1,4.878,19.49999999778811,99,89.8009557596158,311478502022,active_state
1674991543.62,2023-01-29 11:25:43.620,1,5.004,18.750000002910383,99,89.70822103223617,311479657164,active_state
1674991544.174,2023-01-29 11:25:44.174,1,5.188,19.750000000931323,58,90.05035298388783,311480673242,active_state
1674991544.729,2023-01-29 11:25:44.729,1,5.489,19.750000000931323,58,90.05035298388783,311481482063,active_state
1674991545.284,2023-01-29 11:25:45.284,1,6.024,19.500000000698492,58,89.72518951426733,311482635263,active_state
1674991545.833,2023-01-29 11:25:45.833,1,5.415,19.500000000698492,58,89.72518951426733,311483732810,active_state
1674991546.391,2023-01-29 11:25:46.391,1,5.489,20.49999999871943,99,89.71295642257044,311484828258,active_state
1674991546.947,2023-01-29 11:25:46.947,1,5.152,20.49999999871943,99,89.71295642257044,311485926610,active_state
1674991547.499,2023-01-29 11:25:47.499,1,5.288,22.250000000349246,99,89.67073252542312,311487033497,active_state
1674991548.051,2023-01-29 11:25:48.051,1,5.256,22.250000000349246,99,89.67073252542312,311488158620,active_state
1674991548.608,2023-01-29 11:25:48.608,1,5.137,18.75,47,89.7076291084444,311489156449,active_state
1674991549.16,2023-01-29 11:25:49.160,1,5.086,19.00000000023283,47,89.75656147523193,311490301944,active_state
1674991549.717,2023-01-29 11:25:49.717,1,5.05,19.00000000023283,47,89.75656147523193,311491395409,active_state
1674991550.274,2023-01-29 11:25:50.274,1,5.819,21.750000002793968,78,89.73544952665827,311492512534,active_state
1674991550.834,2023-01-29 11:25:50.834,1,5.664,21.750000002793968,78,89.73544952665827,311493595291,active_state
1674991551.399,2023-01-29 11:25:51.399,1,5.968,19.499999994877726,78,89.71848104462711,311494655333,active_state
1674991551.988,2023-01-29 11:25:51.988,1,5.22,19.499999994877726,78,89.71848104462711,311495804510,active_state
1674991552.551,2023-01-29 11:25:52.551,1,5.066,19.000000003143214,58,89.730714136324,311496978949,active_state
1674991553.103,2023-01-29 11:25:53.103,1,4.92,19.000000003143214,58,89.730714136324,311497989360,active_state
1674991553.655,2023-01-29 11:25:53.655,1,5.329,17.999999996391125,58,89.7107860353339,311499064691,active_state
1674991554.221,2023-01-29 11:25:54.221,1,5.737,19.000000003143214,99,89.72972759667101,311500192133,active_state
1674991554.768,2023-01-29 11:25:54.768,1,5.502,19.000000003143214,99,89.72972759667101,311501268516,active_state
1674991555.318,2023-01-29 11:25:55.318,1,6.06,19.99999999825377,99,89.74097414871494,311502373178,active_state
1674991555.869,2023-01-29 11:25:55.869,1,5.513,19.99999999825377,99,89.74097414871494,311503366150,active_state
1674991556.419,2023-01-29 11:25:56.419,1,5.446,20.750000004773028,65,89.73900106940899,311504457500,active_state
1674991556.97,2023-01-29 11:25:56.970,1,5.379,20.750000004773028,65,89.73900106940899,311505557571,active_state
1674991557.525,2023-01-29 11:25:57.525,1,5.202,20.249999995576218,65,89.72183527944722,311506616322,active_state
1674991558.082,2023-01-29 11:25:58.082,1,4.475,20.249999995576218,65,89.72183527944722,311507773568,active_state
1674991558.636,2023-01-29 11:25:58.636,1,4.957,19.00000000023283,92,89.7348576028665,311508839316,active_state
1674991559.191,2023-01-29 11:25:59.191,1,5.488,22.000000000116415,92,89.73979030113136,311509964789,active_state
1674991559.74,2023-01-29 11:25:59.740,1,5.28,22.000000000116415,92,89.73979030113136,311511033934,active_state
1674991560.311,2023-01-29 11:26:00.311,1,5.549,20.750000001862645,99,89.74768261835516,311512090012,active_state
1674991560.876,2023-01-29 11:26:00.876,1,5.488,20.750000001862645,99,89.74768261835516,311513187381,active_state
1674991561.439,2023-01-29 11:26:01.439,1,5.117,32.00000000069849,99,89.7697811065818,311514238897,active_state
1674991562.005,2023-01-29 11:26:02.005,1,5.435,32.00000000069849,99,89.7697811065818,311515391178,active_state
1674991562.569,2023-01-29 11:26:02.569,1,5.033,19.49999999778811,94,90.07422724348983,311516489655,active_state
1674991563.124,2023-01-29 11:26:03.124,1,5.142,19.49999999778811,94,90.07422724348983,311517609889,active_state
1674991563.675,2023-01-29 11:26:03.675,1,5.246,18.24999999953434,94,89.76741341141465,311518684830,active_state
1674991564.226,2023-01-29 11:26:04.226,1,5.878,18.750000002910383,99,89.77175418588774,311519807753,active_state
1674991564.776,2023-01-29 11:26:04.776,1,4.996,18.750000002910383,99,89.77175418588774,311520782994,active_state
1674991565.331,2023-01-29 11:26:05.331,1,5.039,19.24999999755528,99,89.77017572244299,311521830119,active_state
1674991565.9,2023-01-29 11:26:05.900,1,4.972,19.24999999755528,99,89.77017572244299,311522933178,active_state
1674991566.448,2023-01-29 11:26:06.448,1,5.162,19.500000003608875,0,89.77826534759738,311524026816,active_state
1674991566.998,2023-01-29 11:26:06.998,1,5.087,19.500000003608875,0,89.77826534759738,311525131976,active_state
1674991567.547,2023-01-29 11:26:07.547,1,4.715,22.24999999452848,0,89.80726961339484,311526240951,active_state
1674991568.099,2023-01-29 11:26:08.099,1,5.476,22.24999999452848,0,89.80726961339484,311527349743,active_state
1674991568.649,2023-01-29 11:26:08.649,1,5.451,19.250000003376044,99,89.81022923235376,311528427069,active_state
1674991569.215,2023-01-29 11:26:09.215,1,5.853,20.49999999580905,99,89.801350375477,311529524730,active_state
1674991569.78,2023-01-29 11:26:09.780,1,5.503,20.49999999580905,99,89.801350375477,311530684505,active_state
1674991570.356,2023-01-29 11:26:10.356,1,5.856,19.500000003608875,83,89.81022923235376,311531839656,active_state
1674991570.911,2023-01-29 11:26:10.911,1,4.792,19.500000003608875,83,89.81022923235376,311532780513,active_state
1674991571.469,2023-01-29 11:26:11.469,1,5.081,20.750000001862645,83,90.09356342068813,311533880527,active_state
1674991572.021,2023-01-29 11:26:12.021,1,5.561,20.750000001862645,83,90.09356342068813,311535015215,active_state
1674991572.591,2023-01-29 11:26:12.591,1,5.404,20.249999995576218,19,89.80687499753365,311536140594,active_state
1674991573.159,2023-01-29 11:26:13.159,1,4.936,20.249999995576218,19,89.77076764623477,311537297856,active_state
1674991573.735,2023-01-29 11:26:13.735,1,4.711,19.250000003376044,19,89.77076764623477,311538392000,active_state
1674991574.285,2023-01-29 11:26:14.285,1,5.92,20.49999999871943,98,89.77530572863846,311539483076,active_state
1674991574.855,2023-01-29 11:26:14.855,1,5.456,20.49999999871943,98,89.77530572863846,311540592848,active_state
1674991575.405,2023-01-29 11:26:15.405,1,4.885,18.999999997322448,98,89.77116226209596,311541530970,active_state
1674991575.959,2023-01-29 11:26:15.959,1,5.534,18.999999997322448,98,89.77116226209596,311542578426,active_state
1674991576.508,2023-01-29 11:26:16.508,1,4.599,20.000000001164153,51,89.79819344858747,311543674446,active_state
1674991577.056,2023-01-29 11:26:17.056,1,5.663,20.000000001164153,51,89.79819344858747,311544717717,active_state
1674991577.61,2023-01-29 11:26:17.610,1,5.402,22.25000000325963,51,89.78359266172345,311545881809,active_state
1674991578.159,2023-01-29 11:26:18.159,1,4.595,20.2499999984866,92,89.84515273606908,311546982962,active_state
1674991578.71,2023-01-29 11:26:18.710,1,4.91,20.2499999984866,92,89.84515273606908,311548087261,active_state
1674991579.259,2023-01-29 11:26:19.259,1,5.483,19.500000000698492,92,90.12059460717964,311549191195,active_state
1674991579.82,2023-01-29 11:26:19.820,1,5.366,19.500000000698492,92,90.12059460717964,311550191490,active_state
1674991580.368,2023-01-29 11:26:20.368,1,4.838,20.74999999604188,31,89.80608576581128,311551279888,active_state
1674991580.933,2023-01-29 11:26:20.933,1,5.06,20.74999999604188,31,89.80608576581128,311552287222,active_state
1674991581.508,2023-01-29 11:26:21.508,1,4.971,23.500000004423782,31,89.79365536618378,311553418693,active_state
1674991582.062,2023-01-29 11:26:22.062,1,5.215,23.500000004423782,31,89.79365536618378,311554640059,active_state
1674991582.624,2023-01-29 11:26:22.624,1,5.484,21.499999999650754,84,89.80213960719936,311555666255,active_state
1674991583.188,2023-01-29 11:26:23.188,1,5.343,19.99999999825377,84,89.80174499133818,311556814578,active_state
